city_id,year,quarter,wd,month,pre,tem_mean,any_air,any_air_shutdown,any_air_fine,any_air_renovate,any_air_warning,any_air_10,any_air_20,any_air_50,id,lat,lon,city_cn,min_dist,starty,startm,revenue,employment,monitor_lon,monitor_lat,industry,prov_id,key,ownership,air,any_water,any_waste,any_proc,angle,upwd,time,min_dist_10,post1,air_1,air_2,leni,stri,min_d_d4,med_pre,high_pre
1405,2010.0,1.0,7.0,,,,,,,,,,,,,,,,,,,,,,,,,,,,,,,,,,,,,,,,,,
1405,2010.0,2.0,7.0,,,,,,,,,,,,,,,,,,,,,,,,,,,,,,,,,,,,,,,,,,
1405,2010.0,3.0,7.0,,,,,,,,,,,,,,,,,,,,,,,,,,,,,,,,,,,,,,,,,,
1405,2010.0,4.0,14.0,,,,,,,,,,,,,,,,,,,,,,,,,,,,,,,,,,,,,,,,,,
1405,2011.0,1.0,7.0,,,,,,,,,,,,,,,,,,,,,,,,,,,,,,,,,,,,,,,,,,
1405,2011.0,2.0,7.0,,,,,,,,,,,,,,,,,,,,,,,,,,,,,,,,,,,,,,,,,,
1405,2011.0,3.0,7.0,,,,,,,,,,,,,,,,,,,,,,,,,,,,,,,,,,,,,,,,,,
1405,2011.0,4.0,7.0,,,,,,,,,,,,,,,,,,,,,,,,,,,,,,,,,,,,,,,,,,
1405,2012.0,1.0,7.0,,,,,,,,,,,,,,,,,,,,,,,,,,,,,,,,,,,,,,,,,,
1405,2012.0,2.0,7.0,,,,,,,,,,,,,,,,,,,,,,,,,,,,,,,,,,,,,,,,,,
1405,2012.0,3.0,7.0,,,,,,,,,,,,,,,,,,,,,,,,,,,,,,,,,,,,,,,,,,
1405,2012.0,4.0,7.0,,,,,,,,,,,,,,,,,,,,,,,,,,,,,,,,,,,,,,,,,,
1405,2013.0,1.0,7.0,,,,,,,,,,,,,,,,,,,,,,,,,,,,,,,,,,,,,,,,,,
1405,2013.0,2.0,7.0,,,,,,,,,,,,,,,,,,,,,,,,,,,,,,,,,,,,,,,,,,
1405,2013.0,3.0,11.0,,,,,,,,,,,,,,,,,,,,,,,,,,,,,,,,,,,,,,,,,,
1405,2013.0,4.0,13.0,,,,,,,,,,,,,,,,,,,,,,,,,,,,,,,,,,,,,,,,,,
1405,2014.0,1.0,7.0,,,,,,,,,,,,,,,,,,,,,,,,,,,,,,,,,,,,,,,,,,
1405,2014.0,2.0,7.0,,,,,,,,,,,,,,,,,,,,,,,,,,,,,,,,,,,,,,,,,,
1405,2014.0,3.0,7.0,,,,,,,,,,,,,,,,,,,,,,,,,,,,,,,,,,,,,,,,,,
1405,2014.0,4.0,7.0,,,,,,,,,,,,,,,,,,,,,,,,,,,,,,,,,,,,,,,,,,
1405,2015.0,1.0,7.0,,,,,,,,,,,,,,,,,,,,,,,,,,,,,,,,,,,,,,,,,,
1405,2015.0,2.0,7.0,,,,,,,,,,,,,,,,,,,,,,,,,,,,,,,,,,,,,,,,,,
1405,2015.0,3.0,7.0,,,,,,,,,,,,,,,,,,,,,,,,,,,,,,,,,,,,,,,,,,
1405,2015.0,4.0,7.0,,,,,,,,,,,,,,,,,,,,,,,,,,,,,,,,,,,,,,,,,,
1405,2016.0,1.0,14.0,,,,,,,,,,,,,,,,,,,,,,,,,,,,,,,,,,,,,,,,,,
1405,2016.0,2.0,7.0,,,,,,,,,,,,,,,,,,,,,,,,,,,,,,,,,,,,,,,,,,
1405,2016.0,3.0,7.0,,,,,,,,,,,,,,,,,,,,,,,,,,,,,,,,,,,,,,,,,,
1405,2016.0,4.0,7.0,,,,,,,,,,,,,,,,,,,,,,,,,,,,,,,,,,,,,,,,,,
1405,2017.0,1.0,7.0,,,,,,,,,,,,,,,,,,,,,,,,,,,,,,,,,,,,,,,,,,
1405,2017.0,2.0,7.0,,,,,,,,,,,,,,,,,,,,,,,,,,,,,,,,,,,,,,,,,,
1405,2017.0,3.0,7.0,,,,,,,,,,,,,,,,,,,,,,,,,,,,,,,,,,,,,,,,,,
1405,2017.0,4.0,7.0,,,,,,,,,,,,,,,,,,,,,,,,,,,,,,,,,,,,,,,,,,
1406,2010.0,1.0,13.0,,,,,,,,,,,,,,,,,,,,,,,,,,,,,,,,,,,,,,,,,,
1406,2010.0,2.0,14.0,,,,,,,,,,,,,,,,,,,,,,,,,,,,,,,,,,,,,,,,,,
1406,2010.0,3.0,5.0,,,,,,,,,,,,,,,,,,,,,,,,,,,,,,,,,,,,,,,,,,
1406,2010.0,4.0,14.0,,,,,,,,,,,,,,,,,,,,,,,,,,,,,,,,,,,,,,,,,,
1406,2011.0,1.0,14.0,,,,,,,,,,,,,,,,,,,,,,,,,,,,,,,,,,,,,,,,,,
1406,2011.0,2.0,14.0,,,,,,,,,,,,,,,,,,,,,,,,,,,,,,,,,,,,,,,,,,
1406,2011.0,3.0,16.0,,,,,,,,,,,,,,,,,,,,,,,,,,,,,,,,,,,,,,,,,,
1406,2011.0,4.0,5.0,,,,,,,,,,,,,,,,,,,,,,,,,,,,,,,,,,,,,,,,,,
1406,2012.0,1.0,16.0,,,,,,,,,,,,,,,,,,,,,,,,,,,,,,,,,,,,,,,,,,
1406,2012.0,2.0,15.0,,,,,,,,,,,,,,,,,,,,,,,,,,,,,,,,,,,,,,,,,,
1406,2012.0,3.0,5.0,,,,,,,,,,,,,,,,,,,,,,,,,,,,,,,,,,,,,,,,,,
1406,2012.0,4.0,13.0,,,,,,,,,,,,,,,,,,,,,,,,,,,,,,,,,,,,,,,,,,
1406,2013.0,1.0,13.0,,,,,,,,,,,,,,,,,,,,,,,,,,,,,,,,,,,,,,,,,,
1406,2013.0,2.0,13.0,,,,,,,,,,,,,,,,,,,,,,,,,,,,,,,,,,,,,,,,,,
1406,2013.0,3.0,15.0,,,,,,,,,,,,,,,,,,,,,,,,,,,,,,,,,,,,,,,,,,
1406,2013.0,4.0,13.0,,,,,,,,,,,,,,,,,,,,,,,,,,,,,,,,,,,,,,,,,,
1406,2014.0,1.0,13.0,,,,,,,,,,,,,,,,,,,,,,,,,,,,,,,,,,,,,,,,,,
1406,2014.0,2.0,15.0,,,,,,,,,,,,,,,,,,,,,,,,,,,,,,,,,,,,,,,,,,
1406,2014.0,3.0,5.0,,,,,,,,,,,,,,,,,,,,,,,,,,,,,,,,,,,,,,,,,,
1406,2014.0,4.0,12.0,,,,,,,,,,,,,,,,,,,,,,,,,,,,,,,,,,,,,,,,,,
1406,2015.0,1.0,15.0,,,,,,,,,,,,,,,,,,,,,,,,,,,,,,,,,,,,,,,,,,
1406,2015.0,2.0,15.0,,,,,,,,,,,,,,,,,,,,,,,,,,,,,,,,,,,,,,,,,,
1406,2015.0,3.0,5.0,,,,,,,,,,,,,,,,,,,,,,,,,,,,,,,,,,,,,,,,,,
1406,2015.0,4.0,6.0,,,,,,,,,,,,,,,,,,,,,,,,,,,,,,,,,,,,,,,,,,
1406,2016.0,1.0,13.0,,,,,,,,,,,,,,,,,,,,,,,,,,,,,,,,,,,,,,,,,,
1406,2016.0,2.0,12.0,,,,,,,,,,,,,,,,,,,,,,,,,,,,,,,,,,,,,,,,,,
1406,2016.0,3.0,6.0,,,,,,,,,,,,,,,,,,,,,,,,,,,,,,,,,,,,,,,,,,
1406,2016.0,4.0,12.0,,,,,,,,,,,,,,,,,,,,,,,,,,,,,,,,,,,,,,,,,,
1406,2017.0,1.0,16.0,,,,,,,,,,,,,,,,,,,,,,,,,,,,,,,,,,,,,,,,,,
1406,2017.0,2.0,1.0,,,,,,,,,,,,,,,,,,,,,,,,,,,,,,,,,,,,,,,,,,
1406,2017.0,3.0,16.0,,,,,,,,,,,,,,,,,,,,,,,,,,,,,,,,,,,,,,,,,,
1406,2017.0,4.0,16.0,,,,,,,,,,,,,,,,,,,,,,,,,,,,,,,,,,,,,,,,,,
1407,2010.0,1.0,14.0,,,,,,,,,,,,,,,,,,,,,,,,,,,,,,,,,,,,,,,,,,
1407,2010.0,2.0,14.0,,,,,,,,,,,,,,,,,,,,,,,,,,,,,,,,,,,,,,,,,,
1407,2010.0,3.0,8.0,,,,,,,,,,,,,,,,,,,,,,,,,,,,,,,,,,,,,,,,,,
1407,2010.0,4.0,8.0,,,,,,,,,,,,,,,,,,,,,,,,,,,,,,,,,,,,,,,,,,
1407,2011.0,1.0,14.0,,,,,,,,,,,,,,,,,,,,,,,,,,,,,,,,,,,,,,,,,,
1407,2011.0,2.0,14.0,,,,,,,,,,,,,,,,,,,,,,,,,,,,,,,,,,,,,,,,,,
1407,2011.0,3.0,8.0,,,,,,,,,,,,,,,,,,,,,,,,,,,,,,,,,,,,,,,,,,
1407,2011.0,4.0,13.0,,,,,,,,,,,,,,,,,,,,,,,,,,,,,,,,,,,,,,,,,,
1407,2012.0,1.0,13.0,,,,,,,,,,,,,,,,,,,,,,,,,,,,,,,,,,,,,,,,,,
1407,2012.0,2.0,13.0,,,,,,,,,,,,,,,,,,,,,,,,,,,,,,,,,,,,,,,,,,
1407,2012.0,3.0,5.0,,,,,,,,,,,,,,,,,,,,,,,,,,,,,,,,,,,,,,,,,,
1407,2012.0,4.0,13.0,,,,,,,,,,,,,,,,,,,,,,,,,,,,,,,,,,,,,,,,,,
1407,2013.0,1.0,4.0,,,,,,,,,,,,,,,,,,,,,,,,,,,,,,,,,,,,,,,,,,
1407,2013.0,2.0,4.0,,,,,,,,,,,,,,,,,,,,,,,,,,,,,,,,,,,,,,,,,,
1407,2013.0,3.0,1.0,,,,,,,,,,,,,,,,,,,,,,,,,,,,,,,,,,,,,,,,,,
1407,2013.0,4.0,11.0,,,,,,,,,,,,,,,,,,,,,,,,,,,,,,,,,,,,,,,,,,
1407,2014.0,1.0,4.0,,,,,,,,,,,,,,,,,,,,,,,,,,,,,,,,,,,,,,,,,,
1407,2014.0,2.0,11.0,,,,,,,,,,,,,,,,,,,,,,,,,,,,,,,,,,,,,,,,,,
1407,2014.0,3.0,4.0,,,,,,,,,,,,,,,,,,,,,,,,,,,,,,,,,,,,,,,,,,
1407,2014.0,4.0,11.0,,,,,,,,,,,,,,,,,,,,,,,,,,,,,,,,,,,,,,,,,,
1407,2015.0,1.0,11.0,,,,,,,,,,,,,,,,,,,,,,,,,,,,,,,,,,,,,,,,,,
1407,2015.0,2.0,4.0,,,,,,,,,,,,,,,,,,,,,,,,,,,,,,,,,,,,,,,,,,
1407,2015.0,3.0,4.0,,,,,,,,,,,,,,,,,,,,,,,,,,,,,,,,,,,,,,,,,,
1407,2015.0,4.0,3.0,,,,,,,,,,,,,,,,,,,,,,,,,,,,,,,,,,,,,,,,,,
1407,2016.0,1.0,11.0,,,,,,,,,,,,,,,,,,,,,,,,,,,,,,,,,,,,,,,,,,
1407,2016.0,2.0,4.0,,,,,,,,,,,,,,,,,,,,,,,,,,,,,,,,,,,,,,,,,,
1407,2016.0,3.0,4.0,,,,,,,,,,,,,,,,,,,,,,,,,,,,,,,,,,,,,,,,,,
1407,2016.0,4.0,10.0,,,,,,,,,,,,,,,,,,,,,,,,,,,,,,,,,,,,,,,,,,
1407,2017.0,1.0,4.0,,,,,,,,,,,,,,,,,,,,,,,,,,,,,,,,,,,,,,,,,,
1407,2017.0,2.0,4.0,,,,,,,,,,,,,,,,,,,,,,,,,,,,,,,,,,,,,,,,,,
1407,2017.0,3.0,4.0,,,,,,,,,,,,,,,,,,,,,,,,,,,,,,,,,,,,,,,,,,
1407,2017.0,4.0,11.0,,,,,,,,,,,,,,,,,,,,,,,,,,,,,,,,,,,,,,,,,,
1408,2010.0,1.0,1.0,,,,,,,,,,,,,,,,,,,,,,,,,,,,,,,,,,,,,,,,,,
1408,2010.0,2.0,7.0,,,,,,,,,,,,,,,,,,,,,,,,,,,,,,,,,,,,,,,,,,
1408,2010.0,3.0,7.0,,,,,,,,,,,,,,,,,,,,,,,,,,,,,,,,,,,,,,,,,,
1408,2010.0,4.0,7.0,,,,,,,,,,,,,,,,,,,,,,,,,,,,,,,,,,,,,,,,,,
1405,2010.0,,,1.0,0.30000000447034836,-1.7677419,,,,,,,,,,,,,,,,,,,,,,,,,,,,,,,,,,,,,,,
1405,2010.0,,,2.0,13.999999821186066,1.1571429,,,,,,,,,,,,,,,,,,,,,,,,,,,,,,,,,,,,,,,
1405,2010.0,,,3.0,3.4000000432133675,5.832258,,,,,,,,,,,,,,,,,,,,,,,,,,,,,,,,,,,,,,,
1405,2010.0,,,4.0,37.49999886751175,11.196667,,,,,,,,,,,,,,,,,,,,,,,,,,,,,,,,,,,,,,,
1405,2010.0,,,5.0,33.29999976605177,19.36129,,,,,,,,,,,,,,,,,,,,,,,,,,,,,,,,,,,,,,,
1405,2010.0,,,6.0,50.59999914467335,23.233334,,,,,,,,,,,,,,,,,,,,,,,,,,,,,,,,,,,,,,,
1405,2010.0,,,7.0,108.2000002861023,24.935484,,,,,,,,,,,,,,,,,,,,,,,,,,,,,,,,,,,,,,,
1405,2010.0,,,8.0,118.89999864250422,23.235483,,,,,,,,,,,,,,,,,,,,,,,,,,,,,,,,,,,,,,,
1405,2010.0,,,9.0,71.30000053346157,18.913334,,,,,,,,,,,,,,,,,,,,,,,,,,,,,,,,,,,,,,,
1405,2010.0,,,10.0,16.500000454485416,12.7,,,,,,,,,,,,,,,,,,,,,,,,,,,,,,,,,,,,,,,
1405,2010.0,,,11.0,2.0,6.476667,,,,,,,,,,,,,,,,,,,,,,,,,,,,,,,,,,,,,,,
1405,2010.0,,,12.0,0.0,0.9419355,,,,,,,,,,,,,,,,,,,,,,,,,,,,,,,,,,,,,,,
1405,2011.0,,,1.0,0.20000000298023224,-5.4225807,,,,,,,,,,,,,,,,,,,,,,,,,,,,,,,,,,,,,,,
1405,2011.0,,,2.0,20.70000010728836,0.75714284,,,,,,,,,,,,,,,,,,,,,,,,,,,,,,,,,,,,,,,
1405,2011.0,,,3.0,4.799999937415123,5.951613,,,,,,,,,,,,,,,,,,,,,,,,,,,,,,,,,,,,,,,
1405,2011.0,,,4.0,15.299999475479126,14.7,,,,,,,,,,,,,,,,,,,,,,,,,,,,,,,,,,,,,,,
1405,2011.0,,,5.0,46.59999990463257,18.948387,,,,,,,,,,,,,,,,,,,,,,,,,,,,,,,,,,,,,,,
1405,2011.0,,,6.0,25.19999984651804,24.483334,,,,,,,,,,,,,,,,,,,,,,,,,,,,,,,,,,,,,,,
1405,2011.0,,,7.0,154.10000459104776,24.625807,,,,,,,,,,,,,,,,,,,,,,,,,,,,,,,,,,,,,,,
1405,2011.0,,,8.0,119.20000169426203,22.258064,,,,,,,,,,,,,,,,,,,,,,,,,,,,,,,,,,,,,,,
1405,2011.0,,,9.0,217.4000008702278,16.73,,,,,,,,,,,,,,,,,,,,,,,,,,,,,,,,,,,,,,,
1405,2011.0,,,10.0,54.59999978542328,12.587097,,,,,,,,,,,,,,,,,,,,,,,,,,,,,,,,,,,,,,,
1405,2011.0,,,11.0,67.10000038146973,7.5,,,,,,,,,,,,,,,,,,,,,,,,,,,,,,,,,,,,,,,
1405,2011.0,,,12.0,1.5,-0.41935483,,,,,,,,,,,,,,,,,,,,,,,,,,,,,,,,,,,,,,,
1405,2012.0,,,1.0,3.999999977648258,-3.1032257,,,,,,,,,,,,,,,,,,,,,,,,,,,,,,,,,,,,,,,
1405,2012.0,,,2.0,0.20000000298023224,-0.36896554,,,,,,,,,,,,,,,,,,,,,,,,,,,,,,,,,,,,,,,
1405,2012.0,,,3.0,25.900000229477882,5.5741935,,,,,,,,,,,,,,,,,,,,,,,,,,,,,,,,,,,,,,,
1405,2012.0,,,4.0,15.69999998062849,14.926666,,,,,,,,,,,,,,,,,,,,,,,,,,,,,,,,,,,,,,,
1405,2012.0,,,5.0,11.000000298023224,20.04516,,,,,,,,,,,,,,,,,,,,,,,,,,,,,,,,,,,,,,,
1405,2012.0,,,6.0,17.999999821186066,24.183332,,,,,,,,,,,,,,,,,,,,,,,,,,,,,,,,,,,,,,,
1405,2012.0,,,7.0,128.8000004068017,25.329033,,,,,,,,,,,,,,,,,,,,,,,,,,,,,,,,,,,,,,,
1405,2012.0,,,8.0,61.49999964237213,22.883871,,,,,,,,,,,,,,,,,,,,,,,,,,,,,,,,,,,,,,,
1405,2012.0,,,9.0,45.499998703598976,17.76,,,,,,,,,,,,,,,,,,,,,,,,,,,,,,,,,,,,,,,
1405,2012.0,,,10.0,11.799999751150608,13.441936,,,,,,,,,,,,,,,,,,,,,,,,,,,,,,,,,,,,,,,
1405,2012.0,,,11.0,8.099999956786633,4.616667,,,,,,,,,,,,,,,,,,,,,,,,,,,,,,,,,,,,,,,
1405,2012.0,,,12.0,4.000000014901161,-1.9709678,,,,,,,,,,,,,,,,,,,,,,,,,,,,,,,,,,,,,,,
1405,2013.0,,,1.0,5.299999907612801,-1.6935483,,,,,,,,,,,,,,,,,,,,,,,,,,,,,,,,,,,,,,,
1405,2013.0,,,2.0,13.199999958276749,1.8,,,,,,,,,,,,,,,,,,,,,,,,,,,,,,,,,,,,,,,
1405,2013.0,,,3.0,4.100000075995922,8.574194,,,,,,,,,,,,,,,,,,,,,,,,,,,,,,,,,,,,,,,
1405,2013.0,,,4.0,16.69999972730875,13.663333,,,,,,,,,,,,,,,,,,,,,,,,,,,,,,,,,,,,,,,
1405,2013.0,,,5.0,97.89999869465828,20.264517,,,,,,,,,,,,,,,,,,,,,,,,,,,,,,,,,,,,,,,
1405,2013.0,,,6.0,46.699999429285526,23.803333,,,,,,,,,,,,,,,,,,,,,,,,,,,,,,,,,,,,,,,
1405,2013.0,,,7.0,438.9999934732914,25.280645,,,,,,,,,,,,,,,,,,,,,,,,,,,,,,,,,,,,,,,
1405,2013.0,,,8.0,35.19999980926514,25.625807,,,,,,,,,,,,,,,,,,,,,,,,,,,,,,,,,,,,,,,
1405,2013.0,,,9.0,57.89999909698963,20.036667,,,,,,,,,,,,,,,,,,,,,,,,,,,,,,,,,,,,,,,
1405,2013.0,,,10.0,31.39999982714653,13.4,,,,,,,,,,,,,,,,,,,,,,,,,,,,,,,,,,,,,,,
1405,2013.0,,,11.0,15.699999883770943,6.2233334,,,,,,,,,,,,,,,,,,,,,,,,,,,,,,,,,,,,,,,
1405,2013.0,,,12.0,0.0,-0.28064516,,,,,,,,,,,,,,,,,,,,,,,,,,,,,,,,,,,,,,,
1405,2014.0,,,1.0,0.30000001192092896,0.6,,,,,,,,,,,,,,,,,,,,,,,,,,,,,,,,,,,,,,,
1405,2014.0,,,2.0,36.79999943077564,-0.21785715,,,,,,,,,,,,,,,,,,,,,,,,,,,,,,,,,,,,,,,
1405,2014.0,,,3.0,4.300000138580799,9.7,,,,,,,,,,,,,,,,,,,,,,,,,,,,,,,,,,,,,,,
1405,2014.0,,,4.0,67.79999840259552,14.31,,,,,,,,,,,,,,,,,,,,,,,,,,,,,,,,,,,,,,,
1405,2014.0,,,5.0,36.800000198185444,19.819355,,,,,,,,,,,,,,,,,,,,,,,,,,,,,,,,,,,,,,,
1405,2014.0,,,6.0,56.39999984949827,23.25,,,,,,,,,,,,,,,,,,,,,,,,,,,,,,,,,,,,,,,
1405,2014.0,,,7.0,35.20000062137842,25.403225,,,,,,,,,,,,,,,,,,,,,,,,,,,,,,,,,,,,,,,
1405,2014.0,,,8.0,128.70000103116035,22.319355,,,,,,,,,,,,,,,,,,,,,,,,,,,,,,,,,,,,,,,
1405,2014.0,,,9.0,203.80000060796738,18.433332,,,,,,,,,,,,,,,,,,,,,,,,,,,,,,,,,,,,,,,
1405,2014.0,,,10.0,6.800000049173832,13.938709,,,,,,,,,,,,,,,,,,,,,,,,,,,,,,,,,,,,,,,
1405,2014.0,,,11.0,11.700000241398811,6.366667,,,,,,,,,,,,,,,,,,,,,,,,,,,,,,,,,,,,,,,
1405,2014.0,,,12.0,0.0,-0.3903226,,,,,,,,,,,,,,,,,,,,,,,,,,,,,,,,,,,,,,,
1405,2015.0,,,1.0,7.9000000059604645,0.1516129,,,,,,,,,,,,,,,,,,,,,,,,,,,,,,,,,,,,,,,
1405,2015.0,,,2.0,5.600000083446503,2.3964286,,,,,,,,,,,,,,,,,,,,,,,,,,,,,,,,,,,,,,,
1405,2015.0,,,3.0,12.299999929964542,8.158065,,,,,,,,,,,,,,,,,,,,,,,,,,,,,,,,,,,,,,,
1405,2015.0,,,4.0,72.69999861717224,13.623333,,,,,,,,,,,,,,,,,,,,,,,,,,,,,,,,,,,,,,,
1405,2015.0,,,5.0,49.80000055581331,19.032257,,,,,,,,,,,,,,,,,,,,,,,,,,,,,,,,,,,,,,,
1405,2015.0,,,6.0,80.39999856054783,22.74,,,,,,,,,,,,,,,,,,,,,,,,,,,,,,,,,,,,,,,
1405,2015.0,,,7.0,27.199999667704105,24.42258,,,,,,,,,,,,,,,,,,,,,,,,,,,,,,,,,,,,,,,
1405,2015.0,,,8.0,78.20000161230564,23.203226,,,,,,,,,,,,,,,,,,,,,,,,,,,,,,,,,,,,,,,
1405,2015.0,,,9.0,30.100000262260437,19.34,,,,,,,,,,,,,,,,,,,,,,,,,,,,,,,,,,,,,,,
1405,2015.0,,,10.0,71.19999814033508,13.283871,,,,,,,,,,,,,,,,,,,,,,,,,,,,,,,,,,,,,,,
1405,2015.0,,,11.0,58.19999960064888,5.4366665,,,,,,,,,,,,,,,,,,,,,,,,,,,,,,,,,,,,,,,
1405,2015.0,,,12.0,0.0,0.683871,,,,,,,,,,,,,,,,,,,,,,,,,,,,,,,,,,,,,,,
1405,2016.0,,,1.0,0.6000000014901161,-2.4419355,,,,,,,,,,,,,,,,,,,,,,,,,,,,,,,,,,,,,,,
1405,2016.0,,,2.0,9.199999809265137,1.9517242,,,,,,,,,,,,,,,,,,,,,,,,,,,,,,,,,,,,,,,
1405,2016.0,,,3.0,5.000000178813934,8.412903,,,,,,,,,,,,,,,,,,,,,,,,,,,,,,,,,,,,,,,
1405,2016.0,,,4.0,48.50000058114529,15.45,,,,,,,,,,,,,,,,,,,,,,,,,,,,,,,,,,,,,,,
1405,2016.0,,,5.0,47.19999980926514,18.012903,,,,,,,,,,,,,,,,,,,,,,,,,,,,,,,,,,,,,,,
1405,2016.0,,,6.0,124.00000047683716,23.09,,,,,,,,,,,,,,,,,,,,,,,,,,,,,,,,,,,,,,,
1405,2016.0,,,7.0,241.4999993816018,24.85484,,,,,,,,,,,,,,,,,,,,,,,,,,,,,,,,,,,,,,,
1405,2016.0,,,8.0,46.799999959766865,24.71613,,,,,,,,,,,,,,,,,,,,,,,,,,,,,,,,,,,,,,,
1405,2016.0,,,9.0,38.99999935925007,20.206667,,,,,,,,,,,,,,,,,,,,,,,,,,,,,,,,,,,,,,,
1405,2016.0,,,10.0,83.79999893158674,13.419354,,,,,,,,,,,,,,,,,,,,,,,,,,,,,,,,,,,,,,,
1405,2016.0,,,11.0,15.600000195205212,6.15,,,,,,,,,,,,,,,,,,,,,,,,,,,,,,,,,,,,,,,
1405,2016.0,,,12.0,14.899999767541885,1.8548387,,,,,,,,,,,,,,,,,,,,,,,,,,,,,,,,,,,,,,,
1405,2017.0,,,1.0,11.900000214576721,0.28387097,,,,,,,,,,,,,,,,,,,,,,,,,,,,,,,,,,,,,,,
1405,2017.0,,,2.0,13.399999618530273,2.9,,,,,,,,,,,,,,,,,,,,,,,,,,,,,,,,,,,,,,,
1405,2017.0,,,3.0,11.600000135600567,7.1741934,,,,,,,,,,,,,,,,,,,,,,,,,,,,,,,,,,,,,,,
1405,2017.0,,,4.0,37.699999153614044,14.36,,,,,,,,,,,,,,,,,,,,,,,,,,,,,,,,,,,,,,,
1405,2017.0,,,5.0,48.30000081658363,20.76129,,,,,,,,,,,,,,,,,,,,,,,,,,,,,,,,,,,,,,,
1405,2017.0,,,6.0,65.89999985694885,22.803333,,,,,,,,,,,,,,,,,,,,,,,,,,,,,,,,,,,,,,,
1405,2017.0,,,7.0,92.80000076442957,26.519354,,,,,,,,,,,,,,,,,,,,,,,,,,,,,,,,,,,,,,,
1405,2017.0,,,8.0,104.00000208616257,24.654839,,,,,,,,,,,,,,,,,,,,,,,,,,,,,,,,,,,,,,,
1405,2017.0,,,9.0,48.49999958276749,19.67,,,,,,,,,,,,,,,,,,,,,,,,,,,,,,,,,,,,,,,
1405,2017.0,,,10.0,61.500000670552254,12.13871,,,,,,,,,,,,,,,,,,,,,,,,,,,,,,,,,,,,,,,
1405,2017.0,,,11.0,0.4000000059604645,6.3233333,,,,,,,,,,,,,,,,,,,,,,,,,,,,,,,,,,,,,,,
1405,2017.0,,,12.0,1.7000000476837158,0.37096775,,,,,,,,,,,,,,,,,,,,,,,,,,,,,,,,,,,,,,,
1406,2010.0,,,1.0,0.6000000014901161,-8.748387,,,,,,,,,,,,,,,,,,,,,,,,,,,,,,,,,,,,,,,
1406,2010.0,,,2.0,6.399999774992466,-3.5714285,,,,,,,,,,,,,,,,,,,,,,,,,,,,,,,,,,,,,,,
1406,2010.0,,,3.0,15.700000323355198,0.78709674,,,,,,,,,,,,,,,,,,,,,,,,,,,,,,,,,,,,,,,
1406,2010.0,,,4.0,20.400000013411045,6.5666666,,,,,,,,,,,,,,,,,,,,,,,,,,,,,,,,,,,,,,,
1405,2010.0,1.0,,,,,1.0,1.0,0.0,1.0,0.0,0.0,1.0,0.0,,,,,,,,,,,,,,,,,,,,,,,,,,,,,,,
1405,2010.0,2.0,,,,,1.0,1.0,0.0,0.0,0.0,0.0,1.0,0.0,,,,,,,,,,,,,,,,,,,,,,,,,,,,,,,
1405,2010.0,3.0,,,,,0.0,0.0,0.0,0.0,0.0,0.0,0.0,0.0,,,,,,,,,,,,,,,,,,,,,,,,,,,,,,,
1405,2010.0,4.0,,,,,1.0,0.0,0.0,1.0,0.0,0.0,1.0,0.0,,,,,,,,,,,,,,,,,,,,,,,,,,,,,,,
1405,2011.0,1.0,,,,,1.0,1.0,0.0,1.0,0.0,0.0,1.0,0.0,,,,,,,,,,,,,,,,,,,,,,,,,,,,,,,
1405,2011.0,2.0,,,,,0.0,0.0,0.0,0.0,0.0,0.0,0.0,0.0,,,,,,,,,,,,,,,,,,,,,,,,,,,,,,,
1405,2011.0,3.0,,,,,1.0,0.0,1.0,0.0,0.0,0.0,1.0,0.0,,,,,,,,,,,,,,,,,,,,,,,,,,,,,,,
1405,2011.0,4.0,,,,,0.0,0.0,0.0,0.0,0.0,0.0,0.0,0.0,,,,,,,,,,,,,,,,,,,,,,,,,,,,,,,
1405,2012.0,1.0,,,,,1.0,0.0,0.0,0.0,0.0,0.0,1.0,0.0,,,,,,,,,,,,,,,,,,,,,,,,,,,,,,,
1405,2012.0,2.0,,,,,1.0,1.0,1.0,0.0,0.0,0.0,0.0,1.0,,,,,,,,,,,,,,,,,,,,,,,,,,,,,,,
1405,2012.0,3.0,,,,,0.0,0.0,0.0,0.0,0.0,0.0,0.0,0.0,,,,,,,,,,,,,,,,,,,,,,,,,,,,,,,
1405,2012.0,4.0,,,,,0.0,0.0,0.0,0.0,0.0,0.0,0.0,0.0,,,,,,,,,,,,,,,,,,,,,,,,,,,,,,,
1405,2013.0,1.0,,,,,3.0,1.0,1.0,1.0,0.0,0.0,3.0,0.0,,,,,,,,,,,,,,,,,,,,,,,,,,,,,,,
1405,2013.0,2.0,,,,,0.0,0.0,0.0,0.0,0.0,0.0,0.0,0.0,,,,,,,,,,,,,,,,,,,,,,,,,,,,,,,
1405,2013.0,3.0,,,,,2.0,0.0,0.0,2.0,0.0,0.0,2.0,0.0,,,,,,,,,,,,,,,,,,,,,,,,,,,,,,,
1405,2013.0,4.0,,,,,0.0,0.0,0.0,0.0,0.0,0.0,0.0,0.0,,,,,,,,,,,,,,,,,,,,,,,,,,,,,,,
1405,2014.0,1.0,,,,,2.0,0.0,2.0,0.0,0.0,1.0,1.0,0.0,,,,,,,,,,,,,,,,,,,,,,,,,,,,,,,
1405,2014.0,2.0,,,,,1.0,1.0,0.0,1.0,0.0,0.0,1.0,0.0,,,,,,,,,,,,,,,,,,,,,,,,,,,,,,,
1405,2014.0,3.0,,,,,3.0,0.0,2.0,2.0,0.0,1.0,2.0,0.0,,,,,,,,,,,,,,,,,,,,,,,,,,,,,,,
1405,2014.0,4.0,,,,,2.0,1.0,1.0,1.0,0.0,1.0,1.0,0.0,,,,,,,,,,,,,,,,,,,,,,,,,,,,,,,
1405,2015.0,1.0,,,,,5.0,3.0,4.0,3.0,1.0,1.0,4.0,0.0,,,,,,,,,,,,,,,,,,,,,,,,,,,,,,,
1405,2015.0,2.0,,,,,11.0,11.0,11.0,10.0,0.0,1.0,10.0,0.0,,,,,,,,,,,,,,,,,,,,,,,,,,,,,,,
1405,2015.0,3.0,,,,,10.0,9.0,7.0,7.0,0.0,2.0,8.0,0.0,,,,,,,,,,,,,,,,,,,,,,,,,,,,,,,
1405,2015.0,4.0,,,,,5.0,5.0,4.0,3.0,0.0,0.0,5.0,0.0,,,,,,,,,,,,,,,,,,,,,,,,,,,,,,,
1405,2016.0,1.0,,,,,12.0,9.0,9.0,8.0,0.0,1.0,11.0,0.0,,,,,,,,,,,,,,,,,,,,,,,,,,,,,,,
1405,2016.0,2.0,,,,,9.0,9.0,9.0,6.0,0.0,3.0,6.0,0.0,,,,,,,,,,,,,,,,,,,,,,,,,,,,,,,
1405,2016.0,3.0,,,,,4.0,3.0,3.0,2.0,0.0,0.0,4.0,0.0,,,,,,,,,,,,,,,,,,,,,,,,,,,,,,,
1405,2016.0,4.0,,,,,11.0,11.0,11.0,11.0,0.0,1.0,10.0,0.0,,,,,,,,,,,,,,,,,,,,,,,,,,,,,,,
1405,2017.0,1.0,,,,,47.0,41.0,40.0,40.0,5.0,11.0,35.0,1.0,,,,,,,,,,,,,,,,,,,,,,,,,,,,,,,
1405,2017.0,2.0,,,,,23.0,22.0,22.0,19.0,5.0,6.0,16.0,1.0,,,,,,,,,,,,,,,,,,,,,,,,,,,,,,,
1405,2017.0,3.0,,,,,23.0,18.0,17.0,22.0,3.0,7.0,16.0,0.0,,,,,,,,,,,,,,,,,,,,,,,,,,,,,,,
1405,2017.0,4.0,,,,,46.0,44.0,43.0,40.0,5.0,7.0,37.0,2.0,,,,,,,,,,,,,,,,,,,,,,,,,,,,,,,
1406,2010.0,1.0,,,,,0.0,0.0,0.0,0.0,0.0,0.0,0.0,0.0,,,,,,,,,,,,,,,,,,,,,,,,,,,,,,,
1406,2010.0,2.0,,,,,0.0,0.0,0.0,0.0,0.0,0.0,0.0,0.0,,,,,,,,,,,,,,,,,,,,,,,,,,,,,,,
1406,2010.0,3.0,,,,,2.0,1.0,1.0,1.0,0.0,1.0,0.0,1.0,,,,,,,,,,,,,,,,,,,,,,,,,,,,,,,
1406,2010.0,4.0,,,,,0.0,0.0,0.0,0.0,0.0,0.0,0.0,0.0,,,,,,,,,,,,,,,,,,,,,,,,,,,,,,,
1406,2011.0,1.0,,,,,0.0,0.0,0.0,0.0,0.0,0.0,0.0,0.0,,,,,,,,,,,,,,,,,,,,,,,,,,,,,,,
1406,2011.0,2.0,,,,,0.0,0.0,0.0,0.0,0.0,0.0,0.0,0.0,,,,,,,,,,,,,,,,,,,,,,,,,,,,,,,
1406,2011.0,3.0,,,,,0.0,0.0,0.0,0.0,0.0,0.0,0.0,0.0,,,,,,,,,,,,,,,,,,,,,,,,,,,,,,,
1406,2011.0,4.0,,,,,0.0,0.0,0.0,0.0,0.0,0.0,0.0,0.0,,,,,,,,,,,,,,,,,,,,,,,,,,,,,,,
1406,2012.0,1.0,,,,,0.0,0.0,0.0,0.0,0.0,0.0,0.0,0.0,,,,,,,,,,,,,,,,,,,,,,,,,,,,,,,
1406,2012.0,2.0,,,,,2.0,0.0,1.0,1.0,0.0,1.0,1.0,0.0,,,,,,,,,,,,,,,,,,,,,,,,,,,,,,,
1406,2012.0,3.0,,,,,1.0,0.0,0.0,1.0,0.0,0.0,0.0,1.0,,,,,,,,,,,,,,,,,,,,,,,,,,,,,,,
1406,2012.0,4.0,,,,,0.0,0.0,0.0,0.0,0.0,0.0,0.0,0.0,,,,,,,,,,,,,,,,,,,,,,,,,,,,,,,
1406,2013.0,1.0,,,,,0.0,0.0,0.0,0.0,0.0,0.0,0.0,0.0,,,,,,,,,,,,,,,,,,,,,,,,,,,,,,,
1406,2013.0,2.0,,,,,0.0,0.0,0.0,0.0,0.0,0.0,0.0,0.0,,,,,,,,,,,,,,,,,,,,,,,,,,,,,,,
1406,2013.0,3.0,,,,,0.0,0.0,0.0,0.0,0.0,0.0,0.0,0.0,,,,,,,,,,,,,,,,,,,,,,,,,,,,,,,
1406,2013.0,4.0,,,,,1.0,0.0,1.0,0.0,0.0,0.0,1.0,0.0,,,,,,,,,,,,,,,,,,,,,,,,,,,,,,,
1406,2014.0,1.0,,,,,1.0,0.0,1.0,1.0,0.0,0.0,1.0,0.0,,,,,,,,,,,,,,,,,,,,,,,,,,,,,,,
1406,2014.0,2.0,,,,,5.0,1.0,5.0,4.0,0.0,1.0,3.0,1.0,,,,,,,,,,,,,,,,,,,,,,,,,,,,,,,
1406,2014.0,3.0,,,,,4.0,0.0,1.0,3.0,1.0,1.0,2.0,1.0,,,,,,,,,,,,,,,,,,,,,,,,,,,,,,,
1406,2014.0,4.0,,,,,1.0,0.0,0.0,0.0,1.0,0.0,1.0,0.0,,,,,,,,,,,,,,,,,,,,,,,,,,,,,,,
1406,2015.0,1.0,,,,,6.0,5.0,4.0,3.0,1.0,1.0,0.0,5.0,,,,,,,,,,,,,,,,,,,,,,,,,,,,,,,
1406,2015.0,2.0,,,,,5.0,4.0,4.0,2.0,1.0,2.0,1.0,2.0,,,,,,,,,,,,,,,,,,,,,,,,,,,,,,,
1406,2015.0,3.0,,,,,1.0,1.0,1.0,0.0,0.0,1.0,0.0,0.0,,,,,,,,,,,,,,,,,,,,,,,,,,,,,,,
1406,2015.0,4.0,,,,,3.0,3.0,3.0,3.0,0.0,1.0,2.0,0.0,,,,,,,,,,,,,,,,,,,,,,,,,,,,,,,
1406,2016.0,1.0,,,,,8.0,6.0,4.0,2.0,0.0,1.0,4.0,3.0,,,,,,,,,,,,,,,,,,,,,,,,,,,,,,,
1406,2016.0,2.0,,,,,3.0,2.0,2.0,0.0,0.0,0.0,2.0,1.0,,,,,,,,,,,,,,,,,,,,,,,,,,,,,,,
1406,2016.0,3.0,,,,,3.0,1.0,2.0,0.0,0.0,0.0,2.0,1.0,,,,,,,,,,,,,,,,,,,,,,,,,,,,,,,
1406,2016.0,4.0,,,,,3.0,2.0,2.0,0.0,0.0,0.0,2.0,1.0,,,,,,,,,,,,,,,,,,,,,,,,,,,,,,,
1406,2017.0,1.0,,,,,13.0,5.0,11.0,8.0,2.0,2.0,10.0,1.0,,,,,,,,,,,,,,,,,,,,,,,,,,,,,,,
1406,2017.0,2.0,,,,,4.0,3.0,3.0,0.0,0.0,1.0,2.0,1.0,,,,,,,,,,,,,,,,,,,,,,,,,,,,,,,
1406,2017.0,3.0,,,,,5.0,4.0,4.0,2.0,0.0,2.0,2.0,1.0,,,,,,,,,,,,,,,,,,,,,,,,,,,,,,,
1406,2017.0,4.0,,,,,9.0,7.0,5.0,5.0,2.0,2.0,5.0,2.0,,,,,,,,,,,,,,,,,,,,,,,,,,,,,,,
1407,2010.0,1.0,,,,,0.0,0.0,0.0,0.0,0.0,0.0,0.0,0.0,,,,,,,,,,,,,,,,,,,,,,,,,,,,,,,
1407,2010.0,2.0,,,,,2.0,2.0,0.0,2.0,0.0,0.0,0.0,2.0,,,,,,,,,,,,,,,,,,,,,,,,,,,,,,,
1407,2010.0,3.0,,,,,0.0,0.0,0.0,0.0,0.0,0.0,0.0,0.0,,,,,,,,,,,,,,,,,,,,,,,,,,,,,,,
1407,2010.0,4.0,,,,,0.0,0.0,0.0,0.0,0.0,0.0,0.0,0.0,,,,,,,,,,,,,,,,,,,,,,,,,,,,,,,
1407,2011.0,1.0,,,,,1.0,1.0,1.0,0.0,0.0,0.0,0.0,1.0,,,,,,,,,,,,,,,,,,,,,,,,,,,,,,,
1407,2011.0,2.0,,,,,0.0,0.0,0.0,0.0,0.0,0.0,0.0,0.0,,,,,,,,,,,,,,,,,,,,,,,,,,,,,,,
1407,2011.0,3.0,,,,,1.0,0.0,0.0,0.0,0.0,0.0,0.0,1.0,,,,,,,,,,,,,,,,,,,,,,,,,,,,,,,
1407,2011.0,4.0,,,,,1.0,0.0,1.0,0.0,0.0,0.0,0.0,1.0,,,,,,,,,,,,,,,,,,,,,,,,,,,,,,,
1407,2012.0,1.0,,,,,3.0,1.0,2.0,0.0,2.0,0.0,0.0,3.0,,,,,,,,,,,,,,,,,,,,,,,,,,,,,,,
1407,2012.0,2.0,,,,,2.0,1.0,2.0,1.0,0.0,0.0,1.0,1.0,,,,,,,,,,,,,,,,,,,,,,,,,,,,,,,
1407,2012.0,3.0,,,,,0.0,0.0,0.0,0.0,0.0,0.0,0.0,0.0,,,,,,,,,,,,,,,,,,,,,,,,,,,,,,,
1407,2012.0,4.0,,,,,0.0,0.0,0.0,0.0,0.0,0.0,0.0,0.0,,,,,,,,,,,,,,,,,,,,,,,,,,,,,,,
1407,2013.0,1.0,,,,,1.0,0.0,0.0,0.0,1.0,0.0,0.0,1.0,,,,,,,,,,,,,,,,,,,,,,,,,,,,,,,
1407,2013.0,2.0,,,,,1.0,1.0,0.0,1.0,0.0,0.0,0.0,1.0,,,,,,,,,,,,,,,,,,,,,,,,,,,,,,,
1407,2013.0,3.0,,,,,3.0,0.0,1.0,2.0,3.0,0.0,1.0,2.0,,,,,,,,,,,,,,,,,,,,,,,,,,,,,,,
1407,2013.0,4.0,,,,,5.0,1.0,3.0,2.0,3.0,0.0,1.0,4.0,,,,,,,,,,,,,,,,,,,,,,,,,,,,,,,
1407,2014.0,1.0,,,,,1.0,0.0,1.0,0.0,0.0,0.0,0.0,1.0,,,,,,,,,,,,,,,,,,,,,,,,,,,,,,,
1407,2014.0,2.0,,,,,5.0,1.0,5.0,3.0,0.0,0.0,2.0,3.0,,,,,,,,,,,,,,,,,,,,,,,,,,,,,,,
1407,2014.0,3.0,,,,,7.0,3.0,6.0,3.0,0.0,0.0,2.0,5.0,,,,,,,,,,,,,,,,,,,,,,,,,,,,,,,
1407,2014.0,4.0,,,,,5.0,5.0,2.0,4.0,0.0,0.0,1.0,4.0,,,,,,,,,,,,,,,,,,,,,,,,,,,,,,,
1407,2015.0,1.0,,,,,11.0,8.0,5.0,8.0,3.0,1.0,3.0,7.0,,,,,,,,,,,,,,,,,,,,,,,,,,,,,,,
1407,2015.0,2.0,,,,,10.0,5.0,6.0,3.0,2.0,2.0,4.0,4.0,,,,,,,,,,,,,,,,,,,,,,,,,,,,,,,
1407,2015.0,3.0,,,,,2.0,1.0,1.0,1.0,0.0,1.0,1.0,0.0,,,,,,,,,,,,,,,,,,,,,,,,,,,,,,,
1407,2015.0,4.0,,,,,7.0,4.0,7.0,4.0,1.0,1.0,2.0,4.0,,,,,,,,,,,,,,,,,,,,,,,,,,,,,,,
1407,2016.0,1.0,,,,,10.0,5.0,5.0,5.0,1.0,4.0,2.0,4.0,,,,,,,,,,,,,,,,,,,,,,,,,,,,,,,
1407,2016.0,2.0,,,,,6.0,4.0,5.0,4.0,2.0,2.0,1.0,3.0,,,,,,,,,,,,,,,,,,,,,,,,,,,,,,,
1407,2016.0,3.0,,,,,2.0,0.0,0.0,0.0,0.0,1.0,0.0,1.0,,,,,,,,,,,,,,,,,,,,,,,,,,,,,,,
1407,2016.0,4.0,,,,,11.0,8.0,7.0,7.0,2.0,3.0,3.0,5.0,,,,,,,,,,,,,,,,,,,,,,,,,,,,,,,
1407,2017.0,1.0,,,,,22.0,7.0,19.0,5.0,1.0,1.0,4.0,17.0,,,,,,,,,,,,,,,,,,,,,,,,,,,,,,,
1407,2017.0,2.0,,,,,7.0,2.0,6.0,5.0,0.0,1.0,3.0,3.0,,,,,,,,,,,,,,,,,,,,,,,,,,,,,,,
1407,2017.0,3.0,,,,,4.0,0.0,1.0,0.0,0.0,1.0,3.0,0.0,,,,,,,,,,,,,,,,,,,,,,,,,,,,,,,
1407,2017.0,4.0,,,,,22.0,7.0,19.0,7.0,1.0,1.0,6.0,15.0,,,,,,,,,,,,,,,,,,,,,,,,,,,,,,,
1408,2010.0,1.0,,,,,0.0,0.0,0.0,0.0,0.0,0.0,0.0,0.0,,,,,,,,,,,,,,,,,,,,,,,,,,,,,,,
1408,2010.0,2.0,,,,,2.0,2.0,0.0,2.0,0.0,0.0,2.0,0.0,,,,,,,,,,,,,,,,,,,,,,,,,,,,,,,
1408,2010.0,3.0,,,,,2.0,2.0,1.0,1.0,0.0,0.0,1.0,1.0,,,,,,,,,,,,,,,,,,,,,,,,,,,,,,,
1408,2010.0,4.0,,,,,2.0,0.0,0.0,1.0,0.0,0.0,1.0,1.0,,,,,,,,,,,,,,,,,,,,,,,,,,,,,,,
1405,2010.0,1.0,135.0,,17.69999986886978,1.76,0.0,0.0,0.0,0.0,0.0,,,,23683.0,35.627254,112.916065,晋城,14.81742779873883,2003.0,7.0,429528.0,1035.0,112.85,35.5051,3660.0,7.0,0.0,3.0,0.0,0.0,0.0,0.0,23.727316,0.0,1.0,0.0,0.0,0.0,0.0,0.0,0.0,2.0,117.85,0.0
1405,2010.0,1.0,135.0,,17.69999986886978,1.76,0.0,0.0,0.0,0.0,0.0,,,,55818.0,35.63435,112.5346,晋城,31.34518711497051,2006.0,7.0,138382.0,194.0,112.8252,35.4813,720.0,7.0,0.0,5.0,0.0,0.0,0.0,0.0,303.00296,0.0,1.0,0.0,0.0,0.0,0.0,0.0,0.0,4.0,117.85,0.0
1405,2010.0,1.0,135.0,,17.69999986886978,1.76,0.0,0.0,0.0,0.0,0.0,,,,24005.0,35.602605,112.28637,晋城,50.68190487785371,1995.0,12.0,478122.0,1320.0,112.8252,35.4813,610.0,7.0,0.0,1.0,0.0,0.0,0.0,0.0,285.62186,0.0,1.0,0.0,0.0,0.0,0.0,0.0,0.0,4.0,117.85,0.0
1405,2010.0,1.0,135.0,,17.69999986886978,1.76,0.0,0.0,0.0,0.0,0.0,,,,68687.0,35.450909,112.43117,晋城,35.92368359916626,2005.0,9.0,31163.0,456.0,112.8252,35.4813,2619.0,7.0,0.0,3.0,0.0,0.0,0.0,0.0,264.7046,0.0,1.0,0.0,0.0,0.0,0.0,0.0,0.0,4.0,117.85,0.0
1405,2010.0,1.0,135.0,,17.69999986886978,1.76,0.0,0.0,0.0,0.0,0.0,,,,68689.0,35.472634,112.565779,晋城,23.563444360895467,1996.0,10.0,4158582.0,1655.0,112.8252,35.4813,4411.0,7.0,1.0,1.0,0.0,0.0,0.0,0.0,267.7263,0.0,1.0,0.0,0.0,0.0,0.0,0.0,0.0,4.0,117.85,0.0
1405,2010.0,1.0,135.0,,17.69999986886978,1.76,0.0,0.0,0.0,0.0,0.0,,,,31394.0,35.549114,112.895089,晋城,6.3695717375371155,2006.0,1.0,123753.0,324.0,112.85,35.5051,3511.0,7.0,0.0,1.0,0.0,0.0,0.0,0.0,39.805473,0.0,1.0,1.0,0.0,0.0,0.0,0.0,0.0,1.0,117.85,0.0
1405,2010.0,1.0,135.0,,17.69999986886978,1.76,0.0,0.0,0.0,0.0,0.0,,,,38151.0,35.568851,112.523203,晋城,29.062871656181233,2001.0,12.0,1940054.0,5532.0,112.8252,35.4813,610.0,7.0,0.0,5.0,0.0,0.0,0.0,0.0,289.69418,0.0,1.0,0.0,0.0,0.0,0.0,0.0,0.0,4.0,117.85,0.0
1405,2010.0,1.0,135.0,,17.69999986886978,1.76,0.0,0.0,0.0,0.0,0.0,,,,23669.0,35.666377,112.718251,晋城,21.512179335889087,2010.0,7.0,185754.0,840.0,112.85,35.5051,610.0,7.0,0.0,1.0,0.0,0.0,0.0,0.0,326.44025,0.0,1.0,0.0,0.0,0.0,0.0,0.0,0.0,4.0,117.85,0.0
1405,2010.0,1.0,135.0,,17.69999986886978,1.76,0.0,0.0,0.0,0.0,0.0,,,,31370.0,35.564171,112.868054,晋城,6.755376036730761,2004.0,10.0,78166.0,407.0,112.85,35.5051,3110.0,7.0,1.0,3.0,0.0,0.0,0.0,0.0,13.961552,0.0,1.0,1.0,0.0,0.0,0.0,0.0,0.0,1.0,117.85,0.0
1405,2010.0,1.0,135.0,,17.69999986886978,1.76,0.0,0.0,0.0,0.0,0.0,,,,1398.0,35.624226,112.542085,晋城,30.17313116974297,2009.0,2.0,285860.0,434.0,112.8252,35.4813,720.0,7.0,0.0,1.0,0.0,0.0,0.0,0.0,301.90222,0.0,1.0,0.0,0.0,0.0,0.0,0.0,0.0,4.0,117.85,0.0
1405,2010.0,1.0,135.0,,17.69999986886978,1.76,0.0,0.0,0.0,0.0,0.0,,,,68672.0,35.499431,112.329735,晋城,45.00353907325337,2003.0,2.0,39044.0,533.0,112.8252,35.4813,3079.0,7.0,0.0,3.0,0.0,0.0,0.0,0.0,272.71716,0.0,1.0,0.0,0.0,0.0,0.0,0.0,0.0,4.0,117.85,0.0
1405,2010.0,1.0,135.0,,17.69999986886978,1.76,0.0,0.0,0.0,0.0,0.0,,,,68681.0,35.371203,112.461859,晋城,35.18422777551265,2006.0,5.0,40163.0,277.0,112.8252,35.4813,2619.0,7.0,0.0,3.0,0.0,0.0,0.0,0.0,249.70732,0.0,1.0,0.0,0.0,0.0,0.0,0.0,0.0,4.0,117.85,0.0
1405,2010.0,1.0,135.0,,17.69999986886978,1.76,0.0,0.0,0.0,0.0,0.0,,,,23825.0,35.610329,112.53672,晋城,29.819827679118127,1998.0,3.0,149864.0,324.0,112.8252,35.4813,610.0,7.0,0.0,3.0,0.0,0.0,0.0,0.0,298.88184,0.0,1.0,0.0,0.0,0.0,0.0,0.0,0.0,4.0,117.85,0.0
1405,2010.0,1.0,135.0,,17.69999986886978,1.76,0.0,0.0,0.0,0.0,0.0,,,,68690.0,35.4583935,112.4812,晋城,31.32581828601265,2009.0,9.0,45828.0,425.0,112.8252,35.4813,4411.0,7.0,0.0,1.0,0.0,0.0,0.0,0.0,265.4256,0.0,1.0,0.0,0.0,0.0,0.0,0.0,0.0,4.0,117.85,0.0
1405,2010.0,1.0,135.0,,17.69999986886978,1.76,0.0,0.0,0.0,0.0,0.0,,,,23224.0,35.616354,112.904676,晋城,13.301853818319469,2003.0,9.0,48960.0,297.0,112.85,35.5051,2923.0,7.0,0.0,1.0,0.0,0.0,0.0,0.0,21.775436,0.0,1.0,0.0,0.0,0.0,0.0,0.0,0.0,2.0,117.85,0.0
1405,2010.0,1.0,135.0,,17.69999986886978,1.76,0.0,0.0,0.0,0.0,0.0,,,,23538.0,35.627603,112.711924,晋城,18.477525192475785,1998.0,5.0,64056.0,373.0,112.85,35.5051,610.0,7.0,0.0,1.0,0.0,0.0,0.0,0.0,317.524,0.0,1.0,0.0,0.0,0.0,0.0,0.0,0.0,3.0,117.85,0.0
1405,2010.0,1.0,135.0,,17.69999986886978,1.76,0.0,0.0,0.0,0.0,0.0,,,,23991.0,35.916867,112.855066,晋城,45.689352996890676,2003.0,10.0,4228174.0,8491.0,112.85,35.5051,610.0,7.0,0.0,1.0,0.0,0.0,0.0,0.0,0.57087404,0.0,1.0,0.0,0.0,0.0,0.0,0.0,0.0,4.0,117.85,0.0
1405,2010.0,1.0,135.0,,17.69999986886978,1.76,0.0,0.0,0.0,0.0,0.0,,,,24035.0,35.697373,112.936227,晋城,22.7188804582688,1955.0,8.0,730739.0,2746.0,112.85,35.5051,610.0,7.0,0.0,1.0,0.0,0.0,0.0,0.0,20.008722,0.0,1.0,0.0,0.0,0.0,0.0,0.0,0.0,4.0,117.85,0.0
1405,2010.0,1.0,135.0,,17.69999986886978,1.76,0.0,0.0,0.0,0.0,0.0,,,,23225.0,35.629975,112.89964,晋城,14.567480722019095,2000.0,12.0,91398.0,296.0,112.85,35.5051,2613.0,7.0,0.0,1.0,0.0,0.0,0.0,0.0,17.90433,0.0,1.0,0.0,0.0,0.0,0.0,0.0,0.0,2.0,117.85,0.0
1405,2010.0,1.0,135.0,,17.69999986886978,1.76,0.0,0.0,0.0,0.0,0.0,,,,23228.0,35.499664,112.88623,晋城,2.129381527922202,2006.0,8.0,46906.0,349.0,112.8664,35.4894,3599.0,7.0,0.0,9.0,0.0,0.0,0.0,0.0,57.548565,0.0,1.0,1.0,0.0,0.0,0.0,0.0,0.0,0.0,117.85,0.0
1405,2010.0,1.0,135.0,,17.69999986886978,1.76,0.0,0.0,0.0,0.0,0.0,,,,23888.0,35.483845,112.49588,晋城,29.886775569670277,1969.0,8.0,203734.0,1876.0,112.8252,35.4813,1732.0,7.0,0.0,1.0,0.0,0.0,0.0,0.0,270.6393,0.0,1.0,0.0,0.0,0.0,0.0,0.0,0.0,4.0,117.85,0.0
1405,2010.0,1.0,135.0,,17.69999986886978,1.76,0.0,0.0,0.0,0.0,0.0,,,,23766.0,35.512328,112.582051,晋城,22.328601760295324,2005.0,11.0,31293.0,208.0,112.8252,35.4813,3841.0,7.0,0.0,2.0,0.0,0.0,0.0,0.0,278.9786,0.0,1.0,0.0,0.0,0.0,0.0,0.0,0.0,4.0,117.85,0.0
1405,2010.0,1.0,135.0,,17.69999986886978,1.76,0.0,0.0,0.0,0.0,0.0,,,,14175.0,35.459439,112.927426,晋城,6.459577812542526,2004.0,10.0,929146.0,197.0,112.8664,35.4894,4411.0,7.0,1.0,1.0,0.0,0.0,0.0,0.0,121.06643,1.0,1.0,1.0,0.0,0.0,0.0,0.0,0.0,1.0,117.85,0.0
1405,2010.0,1.0,135.0,,17.69999986886978,1.76,0.0,0.0,0.0,0.0,0.0,,,,31402.0,35.660753,112.886771,晋城,17.588543676511097,2002.0,12.0,9042972.0,6945.0,112.85,35.5051,3140.0,7.0,1.0,3.0,0.0,0.0,0.0,0.0,10.864764,0.0,1.0,0.0,0.0,0.0,0.0,0.0,0.0,3.0,117.85,0.0
1405,2010.0,1.0,135.0,,17.69999986886978,1.76,0.0,0.0,0.0,0.0,0.0,,,,68684.0,35.471697,112.449241,晋城,34.13707404763599,1999.0,3.0,47915.0,801.0,112.8252,35.4813,2671.0,7.0,0.0,2.0,0.0,0.0,0.0,0.0,268.3126,0.0,1.0,0.0,0.0,0.0,0.0,0.0,0.0,4.0,117.85,0.0
1405,2010.0,1.0,135.0,,17.69999986886978,1.76,0.0,0.0,0.0,0.0,0.0,,,,23451.0,35.579052,113.043312,晋城,18.87752289873768,2007.0,7.0,78682.0,267.0,112.8664,35.4894,1519.0,7.0,0.0,1.0,0.0,0.0,0.0,0.0,58.03673,0.0,1.0,0.0,0.0,0.0,0.0,0.0,0.0,3.0,117.85,0.0
1405,2010.0,1.0,135.0,,17.69999986886978,1.76,0.0,0.0,0.0,0.0,0.0,,,,23963.0,35.548636,112.890704,晋城,6.079606560341002,1991.0,12.0,468174.0,1345.0,112.85,35.5051,4411.0,7.0,1.0,1.0,0.0,0.0,0.0,0.0,37.25579,0.0,1.0,1.0,0.0,0.0,0.0,0.0,0.0,1.0,117.85,0.0
1405,2010.0,1.0,135.0,,17.69999986886978,1.76,0.0,0.0,0.0,0.0,0.0,,,,23912.0,35.627129,112.537035,晋城,30.73157469647827,2003.0,8.0,1745219.0,2362.0,112.8252,35.4813,720.0,7.0,0.0,1.0,0.0,0.0,0.0,0.0,301.9665,0.0,1.0,0.0,0.0,0.0,0.0,0.0,0.0,4.0,117.85,0.0
1405,2010.0,1.0,135.0,,17.69999986886978,1.76,0.0,0.0,0.0,0.0,0.0,,,,24037.0,35.768231,112.9143171,晋城,29.770522408510885,1958.0,8.0,339068.0,1331.0,112.85,35.5051,610.0,7.0,0.0,1.0,0.0,0.0,0.0,0.0,11.217093,0.0,1.0,0.0,0.0,0.0,0.0,0.0,0.0,4.0,117.85,0.0
1405,2010.0,1.0,135.0,,17.69999986886978,1.76,0.0,0.0,0.0,0.0,0.0,,,,23872.0,35.832787,112.963847,晋城,37.79069348252957,2010.0,6.0,31825.0,274.0,112.85,35.5051,3511.0,7.0,0.0,3.0,0.0,0.0,0.0,0.0,15.72849,0.0,1.0,0.0,0.0,0.0,0.0,0.0,0.0,4.0,117.85,0.0
1405,2010.0,1.0,135.0,,17.69999986886978,1.76,0.0,0.0,0.0,0.0,0.0,,,,31387.0,35.485056,112.850616,晋城,0.6364167575979519,1987.0,4.0,90560.0,408.0,112.8564,35.4883,4500.0,7.0,0.0,1.0,0.0,0.0,0.0,0.0,235.44252,0.0,1.0,1.0,0.0,0.0,0.0,0.0,0.0,0.0,117.85,0.0
1405,2010.0,1.0,135.0,,17.69999986886978,1.76,0.0,0.0,0.0,0.0,0.0,,,,68688.0,35.448588,112.480708,晋城,31.479030185302587,2007.0,6.0,27982.0,914.0,112.8252,35.4813,3032.0,7.0,0.0,3.0,0.0,0.0,0.0,0.0,263.45,0.0,1.0,0.0,0.0,0.0,0.0,0.0,0.0,4.0,117.85,0.0
1405,2010.0,1.0,135.0,,17.69999986886978,1.76,0.0,0.0,0.0,0.0,0.0,,,,31366.0,35.368522,112.445043,晋城,36.721002084316616,2010.0,1.0,194863.0,244.0,112.8252,35.4813,3011.0,7.0,1.0,3.0,0.0,0.0,0.0,0.0,250.10583,0.0,1.0,0.0,0.0,0.0,0.0,0.0,0.0,4.0,117.85,0.0
1405,2010.0,1.0,135.0,,17.69999986886978,1.76,0.0,0.0,0.0,0.0,0.0,,,,23873.0,35.841864,112.98314,晋城,39.26105735338078,2007.0,9.0,59565.0,161.0,112.85,35.5051,3511.0,7.0,0.0,3.0,0.0,0.0,0.0,0.0,17.766401,0.0,1.0,0.0,0.0,0.0,0.0,0.0,0.0,4.0,117.85,0.0
1405,2010.0,1.0,135.0,,17.69999986886978,1.76,0.0,0.0,0.0,0.0,0.0,,,,31401.0,35.563241,112.901479,晋城,7.962973812499239,1997.0,12.0,219026.0,395.0,112.85,35.5051,2760.0,7.0,0.0,1.0,0.0,0.0,0.0,0.0,35.758717,0.0,1.0,1.0,0.0,0.0,0.0,0.0,0.0,1.0,117.85,0.0
1405,2010.0,1.0,135.0,,17.69999986886978,1.76,0.0,0.0,0.0,0.0,0.0,,,,70964.0,35.714397,112.777626,晋城,24.129986472843107,2003.0,5.0,66250.0,278.0,112.85,35.5051,610.0,7.0,0.0,3.0,0.0,0.0,0.0,0.0,344.31866,0.0,1.0,0.0,0.0,0.0,0.0,0.0,0.0,4.0,117.85,0.0
1405,2010.0,1.0,135.0,,17.69999986886978,1.76,0.0,0.0,0.0,0.0,0.0,,,,31372.0,35.61232,112.905502,晋城,12.916629956131953,1996.0,3.0,179440.0,674.0,112.85,35.5051,3576.0,7.0,0.0,3.0,0.0,0.0,0.0,0.0,22.820574,0.0,1.0,0.0,0.0,0.0,0.0,0.0,0.0,2.0,117.85,0.0
1405,2010.0,1.0,135.0,,17.69999986886978,1.76,0.0,0.0,0.0,0.0,0.0,,,,68676.0,35.4608933,112.4776984,晋城,31.621043023263685,2006.0,7.0,21243.0,267.0,112.8252,35.4813,3032.0,7.0,0.0,3.0,0.0,0.0,0.0,0.0,265.9766,0.0,1.0,0.0,0.0,0.0,0.0,0.0,0.0,4.0,117.85,0.0
1405,2010.0,1.0,135.0,,17.69999986886978,1.76,0.0,0.0,0.0,0.0,0.0,,,,70969.0,35.8327588,112.9615504,晋城,37.731495404574616,2007.0,6.0,227017.0,698.0,112.85,35.5051,3110.0,7.0,1.0,3.0,0.0,0.0,0.0,0.0,15.427826,0.0,1.0,0.0,0.0,0.0,0.0,0.0,0.0,4.0,117.85,0.0
1405,2010.0,1.0,135.0,,17.69999986886978,1.76,0.0,0.0,0.0,0.0,0.0,,,,23668.0,35.539208,112.660731,晋城,16.2448062870686,1985.0,11.0,388070.0,1948.0,112.8252,35.4813,610.0,7.0,0.0,1.0,0.0,0.0,0.0,0.0,293.43805,0.0,1.0,0.0,0.0,0.0,0.0,0.0,0.0,3.0,117.85,0.0
1405,2010.0,1.0,135.0,,17.69999986886978,1.76,0.0,0.0,0.0,0.0,0.0,,,,23361.0,35.474855,112.626267,晋城,18.068125077085455,1980.0,1.0,3558992.0,2195.0,112.8252,35.4813,2621.0,7.0,0.0,1.0,0.0,0.0,0.0,0.0,267.77945,0.0,1.0,0.0,0.0,0.0,0.0,0.0,0.0,3.0,117.85,0.0
1405,2010.0,1.0,135.0,,17.69999986886978,1.76,0.0,0.0,0.0,0.0,0.0,,,,23998.0,35.537413,112.459998,晋城,33.71056781731497,1995.0,12.0,428143.0,1131.0,112.8252,35.4813,610.0,7.0,0.0,1.0,0.0,0.0,0.0,0.0,280.79504,0.0,1.0,0.0,0.0,0.0,0.0,0.0,0.0,4.0,117.85,0.0
1405,2010.0,1.0,135.0,,17.69999986886978,1.76,0.0,0.0,0.0,0.0,0.0,,,,31365.0,35.555879,112.984968,晋城,13.040869408155766,2006.0,7.0,26222.0,383.0,112.8664,35.4894,3011.0,7.0,0.0,3.0,0.0,0.0,0.0,0.0,55.40278,0.0,1.0,0.0,0.0,0.0,0.0,0.0,0.0,2.0,117.85,0.0
1405,2010.0,1.0,135.0,,17.69999986886978,1.76,0.0,0.0,0.0,0.0,0.0,,,,14950.0,35.472834,112.569957,晋城,23.18365176591562,2005.0,6.0,1867218.0,701.0,112.8252,35.4813,4411.0,7.0,1.0,1.0,0.0,0.0,0.0,0.0,267.7417,0.0,1.0,0.0,0.0,0.0,0.0,0.0,0.0,4.0,117.85,0.0
1405,2010.0,1.0,135.0,,17.69999986886978,1.76,0.0,0.0,0.0,0.0,0.0,,,,31406.0,35.5156,112.841764,晋城,1.3839800354233844,2009.0,12.0,107271.0,342.0,112.85,35.5051,4330.0,7.0,0.0,1.0,0.0,0.0,0.0,0.0,327.4444,0.0,1.0,1.0,0.0,0.0,0.0,0.0,0.0,0.0,117.85,0.0
1405,2010.0,1.0,135.0,,17.69999986886978,1.76,0.0,0.0,0.0,0.0,0.0,,,,23824.0,35.677881,112.254251,晋城,56.15903198210017,2007.0,8.0,292554.0,13.0,112.8252,35.4813,610.0,7.0,0.0,1.0,0.0,0.0,0.0,0.0,293.1108,0.0,1.0,0.0,0.0,0.0,0.0,0.0,0.0,4.0,117.85,0.0
1405,2010.0,1.0,135.0,,17.69999986886978,1.76,0.0,0.0,0.0,0.0,0.0,,,,23286.0,35.763814,112.951491,晋城,30.140988721225916,2000.0,12.0,481788.0,545.0,112.85,35.5051,1523.0,7.0,0.0,2.0,0.0,0.0,0.0,0.0,17.654512,0.0,1.0,0.0,0.0,0.0,0.0,0.0,0.0,4.0,117.85,0.0
1405,2010.0,1.0,135.0,,17.69999986886978,1.76,0.0,0.0,0.0,0.0,0.0,,,,31382.0,35.462898,112.808303,晋城,2.553501759171446,2003.0,2.0,109713.0,747.0,112.8252,35.4813,3110.0,7.0,0.0,3.0,0.0,0.0,0.0,0.0,216.7938,0.0,1.0,1.0,0.0,0.0,0.0,0.0,0.0,0.0,117.85,0.0
1405,2010.0,1.0,135.0,,17.69999986886978,1.76,0.0,0.0,0.0,0.0,0.0,,,,23232.0,35.4897932,112.8799852,晋城,1.2335075233860986,1998.0,10.0,5476687.0,357.0,112.8664,35.4894,610.0,7.0,1.0,1.0,0.0,0.0,0.0,0.0,87.960205,0.0,1.0,1.0,0.0,0.0,0.0,0.0,0.0,0.0,117.85,0.0
1405,2010.0,1.0,135.0,,17.69999986886978,1.76,0.0,0.0,0.0,0.0,0.0,,,,31381.0,35.540023,112.686556,晋城,14.164774506225326,2005.0,5.0,64800.0,330.0,112.8252,35.4813,1440.0,7.0,0.0,3.0,0.0,0.0,0.0,0.0,297.52957,0.0,1.0,0.0,0.0,0.0,0.0,0.0,0.0,2.0,117.85,0.0
1405,2010.0,1.0,135.0,,17.69999986886978,1.76,0.0,0.0,0.0,0.0,0.0,,,,23447.0,35.506627,112.820198,晋城,1.9892804403988118,1993.0,8.0,34036.0,251.0,112.835,35.4934,2740.0,7.0,0.0,3.0,0.0,0.0,0.0,0.0,317.66904,0.0,1.0,1.0,0.0,0.0,0.0,0.0,0.0,0.0,117.85,0.0
1405,2010.0,1.0,135.0,,17.69999986886978,1.76,0.0,0.0,0.0,0.0,0.0,,,,70965.0,35.832898,112.874665,晋城,36.43862444903584,2005.0,12.0,184558.0,358.0,112.85,35.5051,610.0,7.0,0.0,3.0,0.0,0.0,0.0,0.0,3.4908705,0.0,1.0,0.0,0.0,0.0,0.0,0.0,0.0,4.0,117.85,0.0
1405,2010.0,1.0,135.0,,17.69999986886978,1.76,0.0,0.0,0.0,0.0,0.0,,,,31361.0,35.567901,112.870414,晋城,7.209546701869416,2005.0,12.0,142618.0,205.0,112.85,35.5051,2922.0,7.0,0.0,1.0,0.0,0.0,0.0,0.0,14.810321,0.0,1.0,1.0,0.0,0.0,0.0,0.0,0.0,1.0,117.85,0.0
1405,2010.0,1.0,135.0,,17.69999986886978,1.76,0.0,0.0,0.0,0.0,0.0,,,,23227.0,35.66912629999999,112.8848726,晋城,18.4713439811059,2003.0,9.0,131989.0,438.0,112.85,35.5051,3511.0,7.0,0.0,1.0,0.0,0.0,0.0,0.0,9.799096,0.0,1.0,0.0,0.0,0.0,0.0,0.0,0.0,3.0,117.85,0.0
1405,2010.0,1.0,135.0,,17.69999986886978,1.76,0.0,0.0,0.0,0.0,0.0,,,,23318.0,35.678131,112.523392,晋城,34.89549945904271,2008.0,5.0,40446.0,102.0,112.835,35.4934,4411.0,7.0,0.0,9.0,0.0,0.0,0.0,0.0,306.18152,0.0,1.0,0.0,0.0,0.0,0.0,0.0,0.0,4.0,117.85,0.0
1405,2010.0,1.0,135.0,,17.69999986886978,1.76,0.0,0.0,0.0,0.0,0.0,,,,31399.0,35.4535133,112.8091842,晋城,3.4084536487342816,2008.0,3.0,35469.0,471.0,112.8252,35.4813,3825.0,7.0,0.0,3.0,0.0,0.0,0.0,0.0,205.15157,0.0,1.0,1.0,0.0,0.0,0.0,0.0,0.0,0.0,117.85,0.0
1405,2010.0,1.0,135.0,,17.69999986886978,1.76,0.0,0.0,0.0,0.0,0.0,,,,22671.0,35.495866,112.8809685,晋城,1.5040325733051882,1999.0,2.0,6529378.0,19345.0,112.8664,35.4894,3922.0,7.0,0.0,4.0,0.0,0.0,0.0,0.0,61.399925,0.0,1.0,1.0,0.0,0.0,0.0,0.0,0.0,0.0,117.85,0.0
1405,2010.0,1.0,135.0,,17.69999986886978,1.76,0.0,0.0,0.0,0.0,0.0,,,,23739.0,35.867872,113.073305,晋城,45.04106533347688,2011.0,11.0,33062.0,208.0,112.85,35.5051,610.0,7.0,0.0,1.0,0.0,0.0,0.0,0.0,26.498348,0.0,1.0,0.0,0.0,0.0,0.0,0.0,0.0,4.0,117.85,0.0
1405,2010.0,1.0,135.0,,17.69999986886978,1.76,0.0,0.0,0.0,0.0,0.0,,,,23357.0,35.447241,112.805722,晋城,4.171966297802236,1998.0,12.0,120026.0,577.0,112.8252,35.4813,3511.0,7.0,0.0,3.0,0.0,0.0,0.0,0.0,204.98135,0.0,1.0,1.0,0.0,0.0,0.0,0.0,0.0,0.0,117.85,0.0
1405,2010.0,1.0,135.0,,17.69999986886978,1.76,0.0,0.0,0.0,0.0,0.0,,,,23659.0,35.610329,112.53672,晋城,29.819827679118127,2008.0,12.0,185925.0,328.0,112.8252,35.4813,720.0,7.0,0.0,5.0,0.0,0.0,0.0,0.0,298.88184,0.0,1.0,0.0,0.0,0.0,0.0,0.0,0.0,4.0,117.85,0.0
1405,2010.0,1.0,135.0,,17.69999986886978,1.76,0.0,0.0,0.0,0.0,0.0,,,,23861.0,35.828444,112.957989,晋城,37.18442087901153,2010.0,3.0,44028.0,369.0,112.85,35.5051,3464.0,7.0,0.0,3.0,0.0,0.0,0.0,0.0,15.149068,0.0,1.0,0.0,0.0,0.0,0.0,0.0,0.0,4.0,117.85,0.0
1405,2010.0,1.0,135.0,,17.69999986886978,1.76,1.0,1.0,0.0,1.0,0.0,,,,68674.0,35.486475,112.559944,晋城,24.078159926828505,1998.0,2.0,45831.0,461.0,112.8252,35.4813,3110.0,7.0,0.0,2.0,1.0,0.0,0.0,0.0,271.4495,0.0,1.0,0.0,0.0,1.0,0.0,0.0,0.0,4.0,117.85,0.0
1405,2010.0,1.0,135.0,,17.69999986886978,1.76,0.0,0.0,0.0,0.0,0.0,,,,68683.0,35.471632,112.387379,晋城,39.74925908218767,2006.0,9.0,34202.0,578.0,112.8252,35.4813,3011.0,7.0,0.0,2.0,0.0,0.0,0.0,0.0,268.5738,0.0,1.0,0.0,0.0,0.0,0.0,0.0,0.0,4.0,117.85,0.0
1405,2010.0,1.0,135.0,,17.69999986886978,1.76,0.0,0.0,0.0,0.0,0.0,,,,70963.0,35.840665,112.984435,晋城,39.17076533936,2005.0,6.0,111618.0,324.0,112.85,35.5051,610.0,7.0,0.0,3.0,0.0,0.0,0.0,0.0,17.988302,0.0,1.0,0.0,0.0,0.0,0.0,0.0,0.0,4.0,117.85,0.0
1405,2010.0,1.0,135.0,,17.69999986886978,1.76,0.0,0.0,0.0,0.0,0.0,,,,31391.0,35.4837674,112.9221448,晋城,5.0969887669941345,2008.0,9.0,164412.0,699.0,112.8664,35.4894,3660.0,7.0,0.0,1.0,0.0,0.0,0.0,0.0,97.05764,1.0,1.0,1.0,0.0,0.0,0.0,0.0,0.0,1.0,117.85,0.0
1405,2010.0,1.0,135.0,,17.69999986886978,1.76,0.0,0.0,0.0,0.0,0.0,,,,70973.0,35.734602,112.958531,晋城,27.296040217362254,2010.0,5.0,223452.0,500.0,112.85,35.5051,1351.0,7.0,0.0,3.0,0.0,0.0,0.0,0.0,20.996082,0.0,1.0,0.0,0.0,0.0,0.0,0.0,0.0,4.0,117.85,0.0
1405,2010.0,1.0,135.0,,17.69999986886978,1.76,0.0,0.0,0.0,0.0,0.0,,,,23223.0,35.743806,112.871114,晋城,26.553897321466206,2004.0,4.0,326312.0,532.0,112.85,35.5051,2614.0,7.0,0.0,1.0,0.0,0.0,0.0,0.0,4.1062484,0.0,1.0,0.0,0.0,0.0,0.0,0.0,0.0,4.0,117.85,0.0
1405,2010.0,1.0,135.0,,17.69999986886978,1.76,0.0,0.0,0.0,0.0,0.0,,,,31383.0,35.489375,112.8445,晋城,0.9708281255772535,2001.0,6.0,35426.0,473.0,112.835,35.4934,2319.0,7.0,0.0,3.0,0.0,0.0,0.0,0.0,117.48821,1.0,1.0,1.0,0.0,0.0,0.0,0.0,0.0,0.0,117.85,0.0
1405,2010.0,1.0,135.0,,17.69999986886978,1.76,0.0,0.0,0.0,0.0,0.0,,,,23526.0,35.759855,112.844309,晋城,28.270328689000795,2003.0,7.0,2365858.0,3061.0,112.85,35.5051,2621.0,7.0,0.0,1.0,0.0,0.0,0.0,0.0,358.9615,0.0,1.0,0.0,0.0,0.0,0.0,0.0,0.0,4.0,117.85,0.0
1405,2010.0,1.0,135.0,,17.69999986886978,1.76,0.0,0.0,0.0,0.0,0.0,,,,23657.0,35.558539,112.478534,晋城,32.591835809740424,1981.0,9.0,204453.0,508.0,112.8252,35.4813,610.0,7.0,0.0,2.0,0.0,0.0,0.0,0.0,285.41006,0.0,1.0,0.0,0.0,0.0,0.0,0.0,0.0,4.0,117.85,0.0
1405,2010.0,1.0,135.0,,17.69999986886978,1.76,0.0,0.0,0.0,0.0,0.0,,,,31393.0,35.602861,112.939104,晋城,13.524761697229899,2000.0,1.0,55526.0,666.0,112.85,35.5051,3130.0,7.0,0.0,3.0,0.0,0.0,0.0,0.0,36.53194,0.0,1.0,0.0,0.0,0.0,0.0,0.0,0.0,2.0,117.85,0.0
1405,2010.0,1.0,135.0,,17.69999986886978,1.76,0.0,0.0,0.0,0.0,0.0,,,,38154.0,35.587347,112.529191,晋城,29.31051139587474,2005.0,3.0,98844.0,66.0,112.8252,35.4813,610.0,7.0,0.0,3.0,0.0,0.0,0.0,0.0,293.84717,0.0,1.0,0.0,0.0,0.0,0.0,0.0,0.0,4.0,117.85,0.0
1405,2010.0,1.0,135.0,,17.69999986886978,1.76,0.0,0.0,0.0,0.0,0.0,,,,23997.0,35.515458,112.582029,晋城,22.38631852796623,2010.0,12.0,70124.0,828.0,112.8252,35.4813,610.0,7.0,0.0,2.0,0.0,0.0,0.0,0.0,279.85992,0.0,1.0,0.0,0.0,0.0,0.0,0.0,0.0,4.0,117.85,0.0
1405,2010.0,1.0,135.0,,17.69999986886978,1.76,0.0,0.0,0.0,0.0,0.0,,,,23994.0,35.515365,112.582963,晋城,22.301064887915395,1986.0,1.0,290009.0,890.0,112.8252,35.4813,610.0,7.0,0.0,2.0,0.0,0.0,0.0,0.0,279.87042,0.0,1.0,0.0,0.0,0.0,0.0,0.0,0.0,4.0,117.85,0.0
1405,2010.0,1.0,135.0,,17.69999986886978,1.76,0.0,0.0,0.0,0.0,0.0,,,,31362.0,35.776116,113.275769,晋城,48.85641822274692,2007.0,8.0,55255.0,321.0,112.8664,35.4894,2661.0,7.0,0.0,3.0,0.0,0.0,0.0,0.0,49.12849,0.0,1.0,0.0,0.0,0.0,0.0,0.0,0.0,4.0,117.85,0.0
1405,2010.0,1.0,135.0,,17.69999986886978,1.76,0.0,0.0,0.0,0.0,0.0,,,,23535.0,35.667253,112.518117,晋城,34.59799972734247,2011.0,12.0,136320.0,714.0,112.835,35.4934,610.0,7.0,0.0,1.0,0.0,0.0,0.0,0.0,304.09485,0.0,1.0,0.0,0.0,0.0,0.0,0.0,0.0,4.0,117.85,0.0
1405,2010.0,1.0,135.0,,17.69999986886978,1.76,0.0,0.0,0.0,0.0,0.0,,,,70962.0,35.724478,112.801156,晋城,24.739403508457936,2001.0,5.0,185418.0,338.0,112.85,35.5051,610.0,7.0,0.0,3.0,0.0,0.0,0.0,0.0,349.75467,0.0,1.0,0.0,0.0,0.0,0.0,0.0,0.0,4.0,117.85,0.0
1405,2010.0,1.0,135.0,,17.69999986886978,1.76,0.0,0.0,0.0,0.0,0.0,,,,31407.0,35.567206,112.876475,晋城,7.297005629939567,2010.0,1.0,22849.0,152.0,112.85,35.5051,4330.0,7.0,0.0,1.0,0.0,0.0,0.0,0.0,19.1235,0.0,1.0,1.0,0.0,0.0,0.0,0.0,0.0,1.0,117.85,0.0
1405,2010.0,1.0,135.0,,17.69999986886978,1.76,0.0,0.0,0.0,0.0,0.0,,,,68678.0,35.60085,112.33885,晋城,46.05511424539913,2011.0,5.0,24103.0,321.0,112.8252,35.4813,720.0,7.0,0.0,3.0,0.0,0.0,0.0,0.0,286.95032,0.0,1.0,0.0,0.0,0.0,0.0,0.0,0.0,4.0,117.85,0.0
1405,2010.0,1.0,135.0,,17.69999986886978,1.76,0.0,0.0,0.0,0.0,0.0,,,,24042.0,35.7125181,112.9442772,晋城,24.5476091307572,1982.0,1.0,195734.0,1024.0,112.85,35.5051,610.0,7.0,0.0,1.0,0.0,0.0,0.0,0.0,20.253647,0.0,1.0,0.0,0.0,0.0,0.0,0.0,0.0,4.0,117.85,0.0
1405,2010.0,1.0,135.0,,17.69999986886978,1.76,0.0,0.0,0.0,0.0,0.0,,,,38155.0,35.643008,112.139915,晋城,64.66617530387663,2005.0,9.0,46292.0,368.0,112.8252,35.4813,610.0,7.0,0.0,3.0,0.0,0.0,0.0,0.0,286.3752,0.0,1.0,0.0,0.0,0.0,0.0,0.0,0.0,4.0,117.85,0.0
1405,2010.0,1.0,135.0,,17.69999986886978,1.76,0.0,0.0,0.0,0.0,0.0,,,,23486.0,35.540731,112.710706,晋城,12.302825753856597,2004.0,9.0,62660.0,430.0,112.8252,35.4813,2625.0,7.0,0.0,3.0,0.0,0.0,0.0,0.0,302.55814,0.0,1.0,0.0,0.0,0.0,0.0,0.0,0.0,2.0,117.85,0.0
1405,2010.0,1.0,135.0,,17.69999986886978,1.76,0.0,0.0,0.0,0.0,0.0,,,,23670.0,35.647689,112.895969,晋城,16.35994049623155,2010.0,7.0,89826.0,2438.0,112.85,35.5051,610.0,7.0,0.0,1.0,0.0,0.0,0.0,0.0,14.6794615,0.0,1.0,0.0,0.0,0.0,0.0,0.0,0.0,3.0,117.85,0.0
1405,2010.0,1.0,135.0,,17.69999986886978,1.76,0.0,0.0,0.0,0.0,0.0,,,,24003.0,35.496737,112.414076,晋城,37.345374320380365,1952.0,6.0,290881.0,2006.0,112.8252,35.4813,610.0,7.0,0.0,1.0,0.0,0.0,0.0,0.0,272.75967,0.0,1.0,0.0,0.0,0.0,0.0,0.0,0.0,4.0,117.85,0.0
1405,2010.0,1.0,135.0,,17.69999986886978,1.76,0.0,0.0,0.0,0.0,0.0,,,,31408.0,35.612717,112.72611,晋城,16.393037307464255,2009.0,12.0,76014.0,185.0,112.85,35.5051,4330.0,7.0,0.0,1.0,0.0,0.0,0.0,0.0,316.91315,0.0,1.0,0.0,0.0,0.0,0.0,0.0,0.0,3.0,117.85,0.0
1405,2010.0,1.0,135.0,,17.69999986886978,1.76,0.0,0.0,0.0,0.0,0.0,,,,24034.0,35.8199824,113.1177434,晋城,42.524412034320754,1998.0,7.0,571374.0,1131.0,112.85,35.5051,610.0,7.0,0.0,1.0,0.0,0.0,0.0,0.0,34.560146,0.0,1.0,0.0,0.0,0.0,0.0,0.0,0.0,4.0,117.85,0.0
1405,2010.0,1.0,135.0,,17.69999986886978,1.76,0.0,0.0,0.0,0.0,0.0,,,,24031.0,35.829112,113.141636,晋城,44.60523858668001,2010.0,1.0,196730.0,685.0,112.85,35.5051,3110.0,7.0,0.0,3.0,0.0,0.0,0.0,0.0,36.090828,0.0,1.0,0.0,0.0,0.0,0.0,0.0,0.0,4.0,117.85,0.0
1405,2010.0,1.0,135.0,,17.69999986886978,1.76,0.0,0.0,0.0,0.0,0.0,,,,31395.0,35.448664,112.792146,晋城,4.702424238144566,2007.0,6.0,316076.0,493.0,112.8252,35.4813,3110.0,7.0,0.0,3.0,0.0,0.0,0.0,0.0,219.52888,0.0,1.0,1.0,0.0,0.0,0.0,0.0,0.0,0.0,117.85,0.0
1405,2010.0,1.0,135.0,,17.69999986886978,1.76,0.0,0.0,0.0,0.0,0.0,,,,23996.0,35.515458,112.582029,晋城,22.38631852796623,1981.0,11.0,168866.0,832.0,112.8252,35.4813,610.0,7.0,0.0,2.0,0.0,0.0,0.0,0.0,279.85992,0.0,1.0,0.0,0.0,0.0,0.0,0.0,0.0,4.0,117.85,0.0
1405,2010.0,1.0,135.0,,17.69999986886978,1.76,0.0,0.0,0.0,0.0,0.0,,,,23231.0,35.846207,112.854401,晋城,37.84894231424712,2012.0,1.0,41341.0,804.0,112.85,35.5051,610.0,7.0,0.0,1.0,0.0,0.0,0.0,0.0,0.59920055,0.0,1.0,0.0,0.0,0.0,0.0,0.0,0.0,4.0,117.85,0.0
1405,2010.0,1.0,135.0,,17.69999986886978,1.76,0.0,0.0,0.0,0.0,0.0,,,,24000.0,35.58785,112.3666,晋城,43.23809476745328,1996.0,6.0,79693.0,271.0,112.8252,35.4813,610.0,7.0,0.0,1.0,0.0,0.0,0.0,0.0,286.06772,0.0,1.0,0.0,0.0,0.0,0.0,0.0,0.0,4.0,117.85,0.0
1405,2010.0,1.0,135.0,,17.69999986886978,1.76,0.0,0.0,0.0,0.0,0.0,,,,68673.0,35.498694,112.362363,晋城,42.04240205056598,2006.0,8.0,102508.0,219.0,112.8252,35.4813,3311.0,7.0,0.0,3.0,0.0,0.0,0.0,0.0,272.77704,0.0,1.0,0.0,0.0,0.0,0.0,0.0,0.0,4.0,117.85,0.0
1405,2010.0,1.0,135.0,,17.69999986886978,1.76,0.0,0.0,0.0,0.0,0.0,,,,31404.0,35.512772,112.842922,晋城,1.0662372743759705,2009.0,12.0,48463.0,156.0,112.85,35.5051,3823.0,7.0,0.0,1.0,0.0,0.0,0.0,0.0,323.09552,0.0,1.0,1.0,0.0,0.0,0.0,0.0,0.0,0.0,117.85,0.0
1405,2010.0,1.0,135.0,,17.69999986886978,1.76,0.0,0.0,0.0,0.0,0.0,,,,24002.0,35.546609,112.540206,晋城,26.849109967165706,1995.0,8.0,517976.0,1143.0,112.8252,35.4813,610.0,7.0,0.0,1.0,0.0,0.0,0.0,0.0,285.8063,0.0,1.0,0.0,0.0,0.0,0.0,0.0,0.0,4.0,117.85,0.0
1405,2010.0,1.0,135.0,,17.69999986886978,1.76,0.0,0.0,0.0,0.0,0.0,,,,23226.0,35.570408,112.408481,晋城,39.06814166652213,2007.0,8.0,54307.0,413.0,112.8252,35.4813,4411.0,7.0,0.0,1.0,0.0,0.0,0.0,0.0,284.84222,0.0,1.0,0.0,0.0,0.0,0.0,0.0,0.0,4.0,117.85,0.0
1405,2010.0,1.0,135.0,,17.69999986886978,1.76,0.0,0.0,0.0,0.0,0.0,,,,24015.0,35.811156,113.115762,晋城,41.620327115456845,1958.0,6.0,228723.0,991.0,112.85,35.5051,610.0,7.0,0.0,1.0,0.0,0.0,0.0,0.0,35.127052,0.0,1.0,0.0,0.0,0.0,0.0,0.0,0.0,4.0,117.85,0.0
1405,2010.0,1.0,135.0,,17.69999986886978,1.76,0.0,0.0,0.0,0.0,0.0,,,,23857.0,35.702924,112.962152,晋城,24.187341117904875,2009.0,4.0,25439.0,201.0,112.85,35.5051,1495.0,7.0,0.0,3.0,0.0,0.0,0.0,0.0,24.714552,0.0,1.0,0.0,0.0,0.0,0.0,0.0,0.0,4.0,117.85,0.0
1405,2010.0,1.0,135.0,,17.69999986886978,1.76,0.0,0.0,0.0,0.0,0.0,,,,31410.0,35.896099,112.841193,晋城,43.39001401114869,2009.0,12.0,53080.0,213.0,112.85,35.5051,4320.0,7.0,0.0,1.0,0.0,0.0,0.0,0.0,358.95465,0.0,1.0,0.0,0.0,0.0,0.0,0.0,0.0,4.0,117.85,0.0
1405,2010.0,1.0,135.0,,17.69999986886978,1.76,0.0,0.0,0.0,0.0,0.0,,,,23730.0,35.854164,113.001808,晋城,41.0956470138255,1986.0,1.0,105980.0,340.0,112.85,35.5051,610.0,7.0,0.0,1.0,0.0,0.0,0.0,0.0,19.412323,0.0,1.0,0.0,0.0,0.0,0.0,0.0,0.0,4.0,117.85,0.0
1405,2010.0,1.0,135.0,,17.69999986886978,1.76,0.0,0.0,0.0,0.0,0.0,,,,70971.0,35.742618,112.843601,晋城,26.359482378762692,2010.0,9.0,19763.0,768.0,112.85,35.5051,3825.0,7.0,0.0,3.0,0.0,0.0,0.0,0.0,358.7473,0.0,1.0,0.0,0.0,0.0,0.0,0.0,0.0,4.0,117.85,0.0
1405,2010.0,1.0,,,17.69999986886978,1.76,,,,,,,,,,,,,,,,,,,,,,,,,,,,,,,,,,,,,,,
1405,2010.0,2.0,,,121.39999777823687,17.946154,,,,,,,,,,,,,,,,,,,,,,,,,,,,,,,,,,,,,,,
1405,2010.0,3.0,,,298.3999994620681,22.398912,,,,,,,,,,,,,,,,,,,,,,,,,,,,,,,,,,,,,,,
1405,2010.0,4.0,,,18.500000454485416,6.708696,,,,,,,,,,,,,,,,,,,,,,,,,,,,,,,,,,,,,,,
1405,2011.0,1.0,,,25.700000047683716,0.41777778,,,,,,,,,,,,,,,,,,,,,,,,,,,,,,,,,,,,,,,
1405,2011.0,2.0,,,87.09999922662973,19.372528,,,,,,,,,,,,,,,,,,,,,,,,,,,,,,,,,,,,,,,
1405,2011.0,3.0,,,490.7000071555376,21.253262,,,,,,,,,,,,,,,,,,,,,,,,,,,,,,,,,,,,,,,
1405,2011.0,4.0,,,123.200000166893,6.5456524,,,,,,,,,,,,,,,,,,,,,,,,,,,,,,,,,,,,,,,
1405,2012.0,1.0,,,30.100000210106373,0.7241758,,,,,,,,,,,,,,,,,,,,,,,,,,,,,,,,,,,,,,,
1405,2012.0,2.0,,,44.70000009983778,19.721977,,,,,,,,,,,,,,,,,,,,,,,,,,,,,,,,,,,,,,,
1405,2012.0,3.0,,,235.7999987527728,22.036957,,,,,,,,,,,,,,,,,,,,,,,,,,,,,,,,,,,,,,,
1405,2012.0,4.0,,,23.899999722838402,5.370652,,,,,,,,,,,,,,,,,,,,,,,,,,,,,,,,,,,,,,,
1405,2013.0,1.0,,,22.59999994188547,2.93,,,,,,,,,,,,,,,,,,,,,,,,,,,,,,,,,,,,,,,
1405,2013.0,2.0,,,161.29999785125256,19.254946,,,,,,,,,,,,,,,,,,,,,,,,,,,,,,,,,,,,,,,
1405,2013.0,3.0,,,532.0999923795462,23.686956,,,,,,,,,,,,,,,,,,,,,,,,,,,,,,,,,,,,,,,
1405,2013.0,4.0,,,47.09999971091747,6.45,,,,,,,,,,,,,,,,,,,,,,,,,,,,,,,,,,,,,,,
1405,2014.0,1.0,,,41.39999958127737,3.48,,,,,,,,,,,,,,,,,,,,,,,,,,,,,,,,,,,,,,,
1405,2014.0,2.0,,,160.99999845027924,19.134066,,,,,,,,,,,,,,,,,,,,,,,,,,,,,,,,,,,,,,,
1405,2014.0,3.0,,,367.70000226050615,22.091305,,,,,,,,,,,,,,,,,,,,,,,,,,,,,,,,,,,,,,,
1405,2014.0,4.0,,,18.500000290572643,6.6413045,,,,,,,,,,,,,,,,,,,,,,,,,,,,,,,,,,,,,,,
1405,2015.0,1.0,,,25.80000001937151,3.6077778,,,,,,,,,,,,,,,,,,,,,,,,,,,,,,,,,,,,,,,
1405,2015.0,2.0,,,202.89999773353338,18.471428,,,,,,,,,,,,,,,,,,,,,,,,,,,,,,,,,,,,,,,
1405,2015.0,3.0,,,135.50000154227018,22.354347,,,,,,,,,,,,,,,,,,,,,,,,,,,,,,,,,,,,,,,
1405,2015.0,4.0,,,129.39999774098396,6.4793477,,,,,,,,,,,,,,,,,,,,,,,,,,,,,,,,,,,,,,,
1405,2016.0,1.0,,,14.799999989569187,2.656044,,,,,,,,,,,,,,,,,,,,,,,,,,,,,,,,,,,,,,,
1405,2016.0,2.0,,,219.70000086724758,18.841759,,,,,,,,,,,,,,,,,,,,,,,,,,,,,,,,,,,,,,,
1405,2016.0,3.0,,,327.29999870061874,23.29239,,,,,,,,,,,,,,,,,,,,,,,,,,,,,,,,,,,,,,,
1405,2016.0,4.0,,,114.29999889433384,7.152174,,,,,,,,,,,,,,,,,,,,,,,,,,,,,,,,,,,,,,,
1405,2017.0,1.0,,,36.89999996870756,3.471111,,,,,,,,,,,,,,,,,,,,,,,,,,,,,,,,,,,,,,,
1405,2017.0,2.0,,,151.89999982714653,19.324177,,,,,,,,,,,,,,,,,,,,,,,,,,,,,,,,,,,,,,,
1405,2017.0,3.0,,,245.30000243335962,23.657608,,,,,,,,,,,,,,,,,,,,,,,,,,,,,,,,,,,,,,,
1405,2017.0,4.0,,,63.600000724196434,6.277174,,,,,,,,,,,,,,,,,,,,,,,,,,,,,,,,,,,,,,,
1406,2010.0,1.0,,,22.70000009983778,-3.8533332,,,,,,,,,,,,,,,,,,,,,,,,,,,,,,,,,,,,,,,
1406,2010.0,2.0,,,68.60000065714121,15.025274,,,,,,,,,,,,,,,,,,,,,,,,,,,,,,,,,,,,,,,
1406,2010.0,3.0,,,298.1000016480684,20.379349,,,,,,,,,,,,,,,,,,,,,,,,,,,,,,,,,,,,,,,
1406,2010.0,4.0,,,20.99999987334013,1.0076087,,,,,,,,,,,,,,,,,,,,,,,,,,,,,,,,,,,,,,,
1406,2011.0,1.0,,,12.000000104308128,-5.9466667,,,,,,,,,,,,,,,,,,,,,,,,,,,,,,,,,,,,,,,
1406,2011.0,2.0,,,129.70000088959932,15.246154,,,,,,,,,,,,,,,,,,,,,,,,,,,,,,,,,,,,,,,
1406,2011.0,3.0,,,186.2000015079975,18.926086,,,,,,,,,,,,,,,,,,,,,,,,,,,,,,,,,,,,,,,
1406,2011.0,4.0,,,46.80000016093254,0.7565217,,,,,,,,,,,,,,,,,,,,,,,,,,,,,,,,,,,,,,,
1406,2012.0,1.0,,,8.200000070035458,-5.958242,,,,,,,,,,,,,,,,,,,,,,,,,,,,,,,,,,,,,,,
1406,2012.0,2.0,,,152.50000052154064,16.541758,,,,,,,,,,,,,,,,,,,,,,,,,,,,,,,,,,,,,,,
1406,2012.0,3.0,,,282.50000032037497,18.875,,,,,,,,,,,,,,,,,,,,,,,,,,,,,,,,,,,,,,,
1406,2012.0,4.0,,,21.299999587237835,-1.625,,,,,,,,,,,,,,,,,,,,,,,,,,,,,,,,,,,,,,,
1406,2013.0,1.0,,,2.0,-2.5266666,,,,,,,,,,,,,,,,,,,,,,,,,,,,,,,,,,,,,,,
1406,2013.0,2.0,,,157.89999923110008,16.44176,,,,,,,,,,,,,,,,,,,,,,,,,,,,,,,,,,,,,,,
1406,2013.0,3.0,,,351.90000246465206,19.56413,,,,,,,,,,,,,,,,,,,,,,,,,,,,,,,,,,,,,,,
1406,2013.0,4.0,,,19.199999824166298,0.23260869,,,,,,,,,,,,,,,,,,,,,,,,,,,,,,,,,,,,,,,
1406,2014.0,1.0,,,6.80000002682209,-2.4655557,,,,,,,,,,,,,,,,,,,,,,,,,,,,,,,,,,,,,,,
1406,2014.0,2.0,,,113.29999931156635,16.264835,,,,,,,,,,,,,,,,,,,,,,,,,,,,,,,,,,,,,,,
1406,2014.0,3.0,,,242.39999955892563,18.881521,,,,,,,,,,,,,,,,,,,,,,,,,,,,,,,,,,,,,,,
1406,2014.0,4.0,,,18.300000108778477,0.42717388,,,,,,,,,,,,,,,,,,,,,,,,,,,,,,,,,,,,,,,
1406,2015.0,1.0,,,5.599999882280827,-2.8344445,,,,,,,,,,,,,,,,,,,,,,,,,,,,,,,,,,,,,,,
1406,2015.0,2.0,,,107.09999911487103,15.615385,,,,,,,,,,,,,,,,,,,,,,,,,,,,,,,,,,,,,,,
1406,2015.0,3.0,,,193.0999997034669,19.357609,,,,,,,,,,,,,,,,,,,,,,,,,,,,,,,,,,,,,,,
1406,2015.0,4.0,,,77.89999839663506,1.3836956,,,,,,,,,,,,,,,,,,,,,,,,,,,,,,,,,,,,,,,
1406,2016.0,1.0,,,13.300000339746475,-5.054945,,,,,,,,,,,,,,,,,,,,,,,,,,,,,,,,,,,,,,,
1406,2016.0,2.0,,,72.8999989554286,16.353846,,,,,,,,,,,,,,,,,,,,,,,,,,,,,,,,,,,,,,,
1406,2016.0,3.0,,,340.70000426471233,20.023912,,,,,,,,,,,,,,,,,,,,,,,,,,,,,,,,,,,,,,,
1406,2016.0,4.0,,,85.69999983906746,1.8532609,,,,,,,,,,,,,,,,,,,,,,,,,,,,,,,,,,,,,,,
1406,2017.0,1.0,,,18.100000239908695,-3.258889,,,,,,,,,,,,,,,,,,,,,,,,,,,,,,,,,,,,,,,
1406,2017.0,2.0,,,89.8999999165535,16.468132,,,,,,,,,,,,,,,,,,,,,,,,,,,,,,,,,,,,,,,
1406,2017.0,3.0,,,363.5999985486269,20.279348,,,,,,,,,,,,,,,,,,,,,,,,,,,,,,,,,,,,,,,
1406,2017.0,4.0,,,92.10000072419643,-0.22391309,,,,,,,,,,,,,,,,,,,,,,,,,,,,,,,,,,,,,,,
1407,2010.0,1.0,,,16.40000009536743,0.18777777,,,,,,,,,,,,,,,,,,,,,,,,,,,,,,,,,,,,,,,
1407,2010.0,2.0,,,58.40000023692846,17.87143,,,,,,,,,,,,,,,,,,,,,,,,,,,,,,,,,,,,,,,
1407,2010.0,3.0,,,282.09999979287386,22.493479,,,,,,,,,,,,,,,,,,,,,,,,,,,,,,,,,,,,,,,
1407,2010.0,4.0,,,19.69999986886978,4.5869565,,,,,,,,,,,,,,,,,,,,,,,,,,,,,,,,,,,,,,,
1407,2011.0,1.0,,,9.899999976158142,-1.2277777,,,,,,,,,,,,,,,,,,,,,,,,,,,,,,,,,,,,,,,
1407,2011.0,2.0,,,80.50000043958426,18.523077,,,,,,,,,,,,,,,,,,,,,,,,,,,,,,,,,,,,,,,
1407,2011.0,3.0,,,324.20000091940165,21.038044,,,,,,,,,,,,,,,,,,,,,,,,,,,,,,,,,,,,,,,
1407,2011.0,4.0,,,81.99999926239252,4.683696,,,,,,,,,,,,,,,,,,,,,,,,,,,,,,,,,,,,,,,
1407,2012.0,1.0,,,10.100000023841858,-0.9087912,,,,,,,,,,,,,,,,,,,,,,,,,,,,,,,,,,,,,,,
1407,2012.0,2.0,,,85.6000002771616,19.484615,,,,,,,,,,,,,,,,,,,,,,,,,,,,,,,,,,,,,,,
1407,2012.0,3.0,,,306.4999992400408,21.390217,,,,,,,,,,,,,,,,,,,,,,,,,,,,,,,,,,,,,,,
1407,2012.0,4.0,,,25.599999740719795,2.7858696,,,,,,,,,,,,,,,,,,,,,,,,,,,,,,,,,,,,,,,
1407,2013.0,1.0,,,3.8000000715255737,0.73777777,,,,,,,,,,,,,,,,,,,,,,,,,,,,,,,,,,,,,,,
1407,2013.0,2.0,,,137.09999890625477,18.415384,,,,,,,,,,,,,,,,,,,,,,,,,,,,,,,,,,,,,,,
1407,2013.0,3.0,,,325.700003542006,21.61413,,,,,,,,,,,,,,,,,,,,,,,,,,,,,,,,,,,,,,,
1407,2013.0,4.0,,,20.700000137090683,3.980435,,,,,,,,,,,,,,,,,,,,,,,,,,,,,,,,,,,,,,,
1407,2014.0,1.0,,,28.000000178813934,0.9433333,,,,,,,,,,,,,,,,,,,,,,,,,,,,,,,,,,,,,,,
1407,2014.0,2.0,,,137.2000008225441,18.548351,,,,,,,,,,,,,,,,,,,,,,,,,,,,,,,,,,,,,,,
1407,2014.0,3.0,,,247.99999945610762,20.659782,,,,,,,,,,,,,,,,,,,,,,,,,,,,,,,,,,,,,,,
1407,2014.0,4.0,,,15.499999932944775,3.7456522,,,,,,,,,,,,,,,,,,,,,,,,,,,,,,,,,,,,,,,
1407,2015.0,1.0,,,17.400000035762787,1.1411111,,,,,,,,,,,,,,,,,,,,,,,,,,,,,,,,,,,,,,,
1407,2015.0,2.0,,,76.4999999627471,18.392307,,,,,,,,,,,,,,,,,,,,,,,,,,,,,,,,,,,,,,,
1407,2015.0,3.0,,,240.19999916106462,21.45326,,,,,,,,,,,,,,,,,,,,,,,,,,,,,,,,,,,,,,,
1407,2015.0,4.0,,,69.49999958276749,4.4206524,,,,,,,,,,,,,,,,,,,,,,,,,,,,,,,,,,,,,,,
1407,2016.0,1.0,,,10.300000011920929,-0.31758243,,,,,,,,,,,,,,,,,,,,,,,,,,,,,,,,,,,,,,,
1407,2016.0,2.0,,,138.30000039935112,18.362637,,,,,,,,,,,,,,,,,,,,,,,,,,,,,,,,,,,,,,,
1407,2016.0,3.0,,,302.4000004529953,21.92826,,,,,,,,,,,,,,,,,,,,,,,,,,,,,,,,,,,,,,,
1407,2016.0,4.0,,,77.40000080317259,4.8565216,,,,,,,,,,,,,,,,,,,,,,,,,,,,,,,,,,,,,,,
1407,2017.0,1.0,,,16.90000033378601,1.1555556,,,,,,,,,,,,,,,,,,,,,,,,,,,,,,,,,,,,,,,
1407,2017.0,2.0,,,81.3999989181757,18.815384,,,,,,,,,,,,,,,,,,,,,,,,,,,,,,,,,,,,,,,
1407,2017.0,3.0,,,269.49999683350325,22.45,,,,,,,,,,,,,,,,,,,,,,,,,,,,,,,,,,,,,,,
1407,2017.0,4.0,,,153.40000107884407,3.5423913,,,,,,,,,,,,,,,,,,,,,,,,,,,,,,,,,,,,,,,
1408,2010.0,1.0,,,11.599999994039536,3.62,,,,,,,,,,,,,,,,,,,,,,,,,,,,,,,,,,,,,,,
1408,2010.0,2.0,,,93.79999978095293,20.726374,,,,,,,,,,,,,,,,,,,,,,,,,,,,,,,,,,,,,,,
1408,2010.0,3.0,,,389.59999986737967,24.970652,,,,,,,,,,,,,,,,,,,,,,,,,,,,,,,,,,,,,,,
1408,2010.0,4.0,,,35.40000008046627,7.448913,,,,,,,,,,,,,,,,,,,,,,,,,,,,,,,,,,,,,,,
